timestamp;simple-path;time;;;;;;;;
2021-08-25 11:28:18.757;/master/welcome;8975;;;;time;;;;
2021-08-25 11:28:19.389;/master/welcome;584;;;;;;;;
2021-08-25 11:28:22.981;/master/sign-in;3361;;;;Media;577,66;Intervalo;563,61;591,71
2021-08-25 11:28:24.933;/master/welcome;1160;;;;Error típico;7,16;;;
2021-08-25 11:28:28.463;/master/welcome;467;;;;Mediana;590,00;;;
2021-08-25 11:28:29.205;/master/welcome;605;;;;Moda;591,00;;;
2021-08-25 11:28:29.952;/master/welcome;451;;;;Desviación estándar;301,62;;;
2021-08-25 11:28:30.419;/master/welcome;391;;;;Varianza de la muestra;90.971,70;;;
2021-08-25 11:28:31.134;/master/sign-in;594;;;;Curtosis;343,07;;;
2021-08-25 11:28:32.499;/master/welcome;605;;;;Coeficiente de asimetría;13,12;;;
2021-08-25 11:28:34.426;/administrator/configuration/list;1679;;;;Rango;8.769,00;;;
2021-08-25 11:28:36.073;/administrator/configuration/show;1132;;;;Mínimo;206,00;;;
2021-08-25 11:28:36.566;/master/welcome;406;;;;Máximo;8.975,00;;;
2021-08-25 11:28:37.281;/master/welcome;596;;;;Suma;1.024.189,00;;;
2021-08-25 11:28:43.78;/master/welcome;522;;;;Cuenta;1.773,00;;;
2021-08-25 11:28:44.233;/master/welcome;412;;;;Nivel de confianza(95,0%);14,05;;;
2021-08-25 11:28:44.962;/master/sign-in;608;;;;;;;;
2021-08-25 11:28:46.335;/master/welcome;607;;;;;;;;
2021-08-25 11:28:49.309;/master/welcome;368;;;;;;;;
2021-08-25 11:28:50.042;/master/welcome;604;;;;;;;;
2021-08-25 11:28:50.685;/master/welcome;551;;;;;;;;
2021-08-25 11:28:51.185;/master/welcome;451;;;;;;;;
2021-08-25 11:28:51.941;/master/sign-in;604;;;;;;;;
2021-08-25 11:28:53.36;/master/welcome;632;;;;;;;;
2021-08-25 11:28:54.227;/administrator/configuration/list;599;;;;;;;;
2021-08-25 11:28:55.086;/administrator/configuration/show;613;;;;;;;;
2021-08-25 11:28:57.209;/administrator/configuration/list;682;;;;;;;;
2021-08-25 11:28:58.164;/administrator/configuration/show;668;;;;;;;;
2021-08-25 11:28:58.865;/master/welcome;553;;;;;;;;
2021-08-25 11:28:59.598;/master/welcome;610;;;;;;;;
2021-08-25 11:29:00.201;/master/welcome;501;;;;;;;;
2021-08-25 11:29:01.065;/master/welcome;761;;;;;;;;
2021-08-25 11:29:02.434;/master/sign-in;1232;;;;;;;;
2021-08-25 11:29:03.8;/master/welcome;603;;;;;;;;
2021-08-25 11:29:04.695;/administrator/configuration/list;644;;;;;;;;
2021-08-25 11:29:06.165;/administrator/configuration/show;1179;;;;;;;;
2021-08-25 11:29:08.103;/administrator/configuration/list;607;;;;;;;;
2021-08-25 11:29:09.589;/administrator/configuration/show;1237;;;;;;;;
2021-08-25 11:29:10.449;/master/welcome;695;;;;;;;;
2021-08-25 11:29:11.244;/master/welcome;614;;;;;;;;
2021-08-25 11:29:11.613;/master/welcome;295;;;;;;;;
2021-08-25 11:29:11.988;/master/welcome;346;;;;;;;;
2021-08-25 11:29:12.704;/master/sign-in;594;;;;;;;;
2021-08-25 11:29:14.133;/master/welcome;644;;;;;;;;
2021-08-25 11:29:14.985;/administrator/configuration/list;596;;;;;;;;
2021-08-25 11:29:15.804;/administrator/configuration/show;591;;;;;;;;
2021-08-25 11:29:17.306;/administrator/configuration/list;1158;;;;;;;;
2021-08-25 11:29:18.147;/administrator/configuration/show;593;;;;;;;;
2021-08-25 11:29:18.62;/master/welcome;390;;;;;;;;
2021-08-25 11:29:19.351;/master/welcome;605;;;;;;;;
2021-08-25 11:29:19.769;/master/welcome;335;;;;;;;;
2021-08-25 11:29:20.165;/master/welcome;363;;;;;;;;
2021-08-25 11:29:20.9;/master/sign-in;614;;;;;;;;
2021-08-25 11:29:22.22;/master/welcome;586;;;;;;;;
2021-08-25 11:29:23.047;/administrator/configuration/list;594;;;;;;;;
2021-08-25 11:29:23.909;/administrator/configuration/show;604;;;;;;;;
2021-08-25 11:29:24.872;/administrator/configuration/list;582;;;;;;;;
2021-08-25 11:29:25.904;/administrator/configuration/show;599;;;;;;;;
2021-08-25 11:29:26.369;/master/welcome;370;;;;;;;;
2021-08-25 11:29:27.068;/master/welcome;595;;;;;;;;
2021-08-25 11:29:27.499;/master/welcome;321;;;;;;;;
2021-08-25 11:29:27.842;/master/welcome;309;;;;;;;;
2021-08-25 11:29:28.557;/master/sign-in;598;;;;;;;;
2021-08-25 11:29:29.843;/master/welcome;589;;;;;;;;
2021-08-25 11:29:30.654;/administrator/configuration/list;593;;;;;;;;
2021-08-25 11:29:31.487;/administrator/configuration/show;598;;;;;;;;
2021-08-25 11:29:33.537;/administrator/configuration/list;598;;;;;;;;
2021-08-25 11:29:34.365;/administrator/configuration/show;592;;;;;;;;
2021-08-25 11:29:34.816;/master/welcome;357;;;;;;;;
2021-08-25 11:29:35.531;/master/welcome;586;;;;;;;;
2021-08-25 11:29:35.954;/master/welcome;334;;;;;;;;
2021-08-25 11:29:36.348;/master/welcome;348;;;;;;;;
2021-08-25 11:29:37.049;/master/sign-in;590;;;;;;;;
2021-08-25 11:29:38.351;/master/welcome;603;;;;;;;;
2021-08-25 11:29:39.2;/administrator/configuration/list;600;;;;;;;;
2021-08-25 11:29:40.036;/administrator/configuration/show;608;;;;;;;;
2021-08-25 11:29:41.712;/administrator/configuration/list;1206;;;;;;;;
2021-08-25 11:29:42.538;/administrator/configuration/show;590;;;;;;;;
2021-08-25 11:29:43.036;/master/welcome;409;;;;;;;;
2021-08-25 11:29:43.743;/master/welcome;602;;;;;;;;
2021-08-25 11:29:44.242;/master/welcome;421;;;;;;;;
2021-08-25 11:29:44.774;/master/welcome;491;;;;;;;;
2021-08-25 11:29:45.54;/master/sign-in;633;;;;;;;;
2021-08-25 11:29:46.857;/master/welcome;603;;;;;;;;
2021-08-25 11:29:47.824;/administrator/configuration/list;695;;;;;;;;
2021-08-25 11:29:48.666;/administrator/configuration/show;608;;;;;;;;
2021-08-25 11:29:50.795;/administrator/configuration/list;687;;;;;;;;
2021-08-25 11:29:51.682;/administrator/configuration/show;625;;;;;;;;
2021-08-25 11:29:52.476;/master/welcome;697;;;;;;;;
2021-08-25 11:29:53.252;/master/welcome;606;;;;;;;;
2021-08-25 11:29:54.015;/master/welcome;663;;;;;;;;
2021-08-25 11:29:54.679;/master/welcome;633;;;;;;;;
2021-08-25 11:29:55.402;/master/sign-in;599;;;;;;;;
2021-08-25 11:29:57.606;/master/welcome;1160;;;;;;;;
2021-08-25 11:29:58.47;/administrator/configuration/list;619;;;;;;;;
2021-08-25 11:29:59.865;/administrator/configuration/show;1163;;;;;;;;
2021-08-25 11:30:02.41;/administrator/configuration/list;1197;;;;;;;;
2021-08-25 11:30:03.818;/administrator/configuration/show;1175;;;;;;;;
2021-08-25 11:30:04.54;/master/welcome;624;;;;;;;;
2021-08-25 11:30:05.246;/master/welcome;588;;;;;;;;
2021-08-25 11:30:05.882;/master/welcome;558;;;;;;;;
2021-08-25 11:30:06.564;/master/welcome;650;;;;;;;;
2021-08-25 11:30:07.301;/master/sign-in;625;;;;;;;;
2021-08-25 11:30:09.102;/master/welcome;622;;;;;;;;
2021-08-25 11:30:10.535;/administrator/configuration/list;1166;;;;;;;;
2021-08-25 11:30:11.952;/administrator/configuration/show;1157;;;;;;;;
2021-08-25 11:30:14.151;/administrator/configuration/list;1690;;;;;;;;
2021-08-25 11:30:15.55;/administrator/configuration/show;1166;;;;;;;;
2021-08-25 11:30:16.284;/master/welcome;638;;;;;;;;
2021-08-25 11:30:17.024;/master/welcome;615;;;;;;;;
2021-08-25 11:30:17.5;/master/welcome;399;;;;;;;;
2021-08-25 11:30:18.121;/master/welcome;590;;;;;;;;
2021-08-25 11:30:18.828;/master/sign-in;606;;;;;;;;
2021-08-25 11:30:20.691;/master/welcome;605;;;;;;;;
2021-08-25 11:30:22.03;/administrator/configuration/list;1125;;;;;;;;
2021-08-25 11:30:22.854;/administrator/configuration/show;594;;;;;;;;
2021-08-25 11:30:24.836;/administrator/configuration/list;639;;;;;;;;
2021-08-25 11:30:26.231;/administrator/configuration/show;1138;;;;;;;;
2021-08-25 11:30:26.945;/master/welcome;620;;;;;;;;
2021-08-25 11:30:28.211;/master/welcome;1148;;;;;;;;
2021-08-25 11:30:28.785;/master/welcome;495;;;;;;;;
2021-08-25 11:30:29.237;/master/welcome;417;;;;;;;;
2021-08-25 11:30:30.475;/master/sign-in;1132;;;;;;;;
2021-08-25 11:30:31.813;/master/welcome;607;;;;;;;;
2021-08-25 11:30:32.686;/administrator/configuration/list;611;;;;;;;;
2021-08-25 11:30:33.507;/administrator/configuration/show;589;;;;;;;;
2021-08-25 11:30:35.162;/administrator/configuration/list;1221;;;;;;;;
2021-08-25 11:30:35.998;/administrator/configuration/show;597;;;;;;;;
2021-08-25 11:30:36.446;/master/welcome;322;;;;;;;;
2021-08-25 11:30:37.15;/master/welcome;595;;;;;;;;
2021-08-25 11:30:37.8;/master/welcome;574;;;;;;;;
2021-08-25 11:30:38.246;/master/welcome;417;;;;;;;;
2021-08-25 11:30:38.981;/master/sign-in;607;;;;;;;;
2021-08-25 11:30:40.562;/master/welcome;584;;;;;;;;
2021-08-25 11:30:41.414;/administrator/configuration/list;636;;;;;;;;
2021-08-25 11:30:42.241;/administrator/configuration/show;594;;;;;;;;
2021-08-25 11:30:44.237;/administrator/configuration/list;589;;;;;;;;
2021-08-25 11:30:45.109;/administrator/configuration/show;593;;;;;;;;
2021-08-25 11:30:45.736;/master/welcome;530;;;;;;;;
2021-08-25 11:30:46.436;/master/welcome;592;;;;;;;;
2021-08-25 11:30:47.013;/master/welcome;502;;;;;;;;
2021-08-25 11:30:47.539;/master/welcome;494;;;;;;;;
2021-08-25 11:30:48.238;/master/sign-in;583;;;;;;;;
2021-08-25 11:30:49.995;/master/welcome;592;;;;;;;;
2021-08-25 11:30:50.833;/administrator/configuration/list;624;;;;;;;;
2021-08-25 11:30:51.656;/administrator/configuration/show;593;;;;;;;;
2021-08-25 11:30:53.216;/administrator/configuration/update;1149;;;;;;;;
2021-08-25 11:30:53.803;/master/welcome;529;;;;;;;;
2021-08-25 11:30:54.503;/master/welcome;589;;;;;;;;
2021-08-25 11:30:55.13;/master/welcome;549;;;;;;;;
2021-08-25 11:30:55.773;/master/welcome;616;;;;;;;;
2021-08-25 11:30:56.474;/master/sign-in;590;;;;;;;;
2021-08-25 11:30:58.244;/master/welcome;596;;;;;;;;
2021-08-25 11:30:59.081;/administrator/configuration/list;621;;;;;;;;
2021-08-25 11:30:59.927;/administrator/configuration/show;608;;;;;;;;
2021-08-25 11:31:01.473;/administrator/configuration/update;1152;;;;;;;;
2021-08-25 11:31:02.213;/master/welcome;680;;;;;;;;
2021-08-25 11:31:02.936;/master/welcome;599;;;;;;;;
2021-08-25 11:31:03.513;/master/welcome;496;;;;;;;;
2021-08-25 11:31:04.043;/master/welcome;500;;;;;;;;
2021-08-25 11:31:04.745;/master/sign-in;595;;;;;;;;
2021-08-25 11:31:07.04;/master/welcome;1125;;;;;;;;
2021-08-25 11:31:08.412;/administrator/configuration/list;1124;;;;;;;;
2021-08-25 11:31:09.249;/administrator/configuration/show;590;;;;;;;;
2021-08-25 11:31:10.234;/administrator/configuration/update;603;;;;;;;;
2021-08-25 11:31:10.84;/master/welcome;547;;;;;;;;
2021-08-25 11:31:11.539;/master/welcome;590;;;;;;;;
2021-08-25 11:31:12.111;/master/welcome;494;;;;;;;;
2021-08-25 11:31:12.656;/master/welcome;512;;;;;;;;
2021-08-25 11:31:13.366;/master/sign-in;586;;;;;;;;
2021-08-25 11:31:15.183;/master/welcome;599;;;;;;;;
2021-08-25 11:31:16.601;/administrator/configuration/list;1186;;;;;;;;
2021-08-25 11:31:18.013;/administrator/configuration/show;1149;;;;;;;;
2021-08-25 11:31:18.9;/administrator/configuration/update;589;;;;;;;;
2021-08-25 11:31:19.505;/master/welcome;546;;;;;;;;
2021-08-25 11:31:20.234;/master/welcome;603;;;;;;;;
2021-08-25 11:31:20.843;/master/welcome;533;;;;;;;;
2021-08-25 11:31:21.445;/master/welcome;573;;;;;;;;
2021-08-25 11:31:22.686;/master/sign-in;1136;;;;;;;;
2021-08-25 11:31:24.007;/master/welcome;588;;;;;;;;
2021-08-25 11:31:24.862;/administrator/configuration/list;642;;;;;;;;
2021-08-25 11:31:25.702;/administrator/configuration/show;607;;;;;;;;
2021-08-25 11:31:26.622;/administrator/configuration/update;623;;;;;;;;
2021-08-25 11:31:27.232;/master/welcome;546;;;;;;;;
2021-08-25 11:31:27.938;/master/welcome;590;;;;;;;;
2021-08-25 11:31:28.581;/master/welcome;573;;;;;;;;
2021-08-25 11:31:29.11;/master/welcome;497;;;;;;;;
2021-08-25 11:31:29.824;/master/sign-in;598;;;;;;;;
2021-08-25 11:31:31.597;/master/welcome;605;;;;;;;;
2021-08-25 11:31:32.395;/administrator/configuration/list;584;;;;;;;;
2021-08-25 11:31:34.179;/administrator/configuration/show;596;;;;;;;;
2021-08-25 11:31:35.684;/administrator/configuration/update;1165;;;;;;;;
2021-08-25 11:31:36.337;/master/welcome;588;;;;;;;;
2021-08-25 11:31:37.066;/master/welcome;606;;;;;;;;
2021-08-25 11:31:37.7;/master/welcome;558;;;;;;;;
2021-08-25 11:31:38.256;/master/welcome;525;;;;;;;;
2021-08-25 11:31:38.963;/master/sign-in;605;;;;;;;;
2021-08-25 11:31:40.788;/master/welcome;605;;;;;;;;
2021-08-25 11:31:42.157;/administrator/configuration/list;1142;;;;;;;;
2021-08-25 11:31:43.531;/administrator/configuration/show;1143;;;;;;;;
2021-08-25 11:31:44.421;/administrator/configuration/update;595;;;;;;;;
2021-08-25 11:31:45.102;/master/welcome;622;;;;;;;;
2021-08-25 11:31:45.796;/master/welcome;585;;;;;;;;
2021-08-25 11:31:46.464;/master/welcome;557;;;;;;;;
2021-08-25 11:31:47.019;/master/welcome;528;;;;;;;;
2021-08-25 11:31:47.778;/master/sign-in;587;;;;;;;;
2021-08-25 11:31:49.553;/master/welcome;594;;;;;;;;
2021-08-25 11:31:50.413;/administrator/configuration/list;642;;;;;;;;
2021-08-25 11:31:51.784;/administrator/configuration/show;1132;;;;;;;;
2021-08-25 11:31:52.671;/administrator/configuration/update;586;;;;;;;;
2021-08-25 11:31:53.377;/master/welcome;646;;;;;;;;
2021-08-25 11:31:54.157;/master/welcome;635;;;;;;;;
2021-08-25 11:31:54.611;/master/welcome;374;;;;;;;;
2021-08-25 11:31:55.218;/master/welcome;578;;;;;;;;
2021-08-25 11:31:55.985;/master/sign-in;649;;;;;;;;
2021-08-25 11:31:57.784;/master/welcome;614;;;;;;;;
2021-08-25 11:31:59.129;/administrator/configuration/list;1128;;;;;;;;
2021-08-25 11:32:00.494;/administrator/configuration/show;1131;;;;;;;;
2021-08-25 11:32:01.42;/administrator/configuration/update;614;;;;;;;;
2021-08-25 11:32:01.914;/master/welcome;433;;;;;;;;
2021-08-25 11:32:03.165;/master/welcome;1123;;;;;;;;
2021-08-25 11:32:03.769;/master/welcome;527;;;;;;;;
2021-08-25 11:32:04.378;/master/welcome;579;;;;;;;;
2021-08-25 11:32:05.085;/master/sign-in;585;;;;;;;;
2021-08-25 11:32:06.845;/master/welcome;586;;;;;;;;
2021-08-25 11:32:08.219;/administrator/configuration/list;1158;;;;;;;;
2021-08-25 11:32:09.929;/administrator/configuration/show;1326;;;;;;;;
2021-08-25 11:32:11.452;/administrator/configuration/update;1148;;;;;;;;
2021-08-25 11:32:12.301;/master/welcome;782;;;;;;;;
2021-08-25 11:32:13.556;/master/welcome;1154;;;;;;;;
2021-08-25 11:32:14.186;/master/welcome;555;;;;;;;;
2021-08-25 11:32:14.779;/master/welcome;551;;;;;;;;
2021-08-25 11:32:15.512;/master/sign-in;607;;;;;;;;
2021-08-25 11:32:17.315;/master/welcome;596;;;;;;;;
2021-08-25 11:32:18.678;/administrator/configuration/list;1129;;;;;;;;
2021-08-25 11:32:20.066;/administrator/configuration/show;1156;;;;;;;;
2021-08-25 11:32:21.499;/administrator/configuration/update;1121;;;;;;;;
2021-08-25 11:32:22.161;/master/welcome;599;;;;;;;;
2021-08-25 11:32:23.441;/master/welcome;1144;;;;;;;;
2021-08-25 11:32:24.179;/master/welcome;664;;;;;;;;
2021-08-25 11:32:24.84;/master/welcome;630;;;;;;;;
2021-08-25 11:32:26.081;/master/sign-in;1134;;;;;;;;
2021-08-25 11:32:27.4;/master/welcome;587;;;;;;;;
2021-08-25 11:32:28.268;/administrator/configuration/list;657;;;;;;;;
2021-08-25 11:32:29.625;/administrator/configuration/show;1130;;;;;;;;
2021-08-25 11:32:31.107;/administrator/configuration/update;1158;;;;;;;;
2021-08-25 11:32:31.725;/master/welcome;559;;;;;;;;
2021-08-25 11:32:32.435;/master/welcome;583;;;;;;;;
2021-08-25 11:32:33.022;/master/welcome;513;;;;;;;;
2021-08-25 11:32:33.599;/master/welcome;546;;;;;;;;
2021-08-25 11:32:34.295;/master/sign-in;587;;;;;;;;
2021-08-25 11:32:36.061;/master/welcome;593;;;;;;;;
2021-08-25 11:32:37.439;/administrator/configuration/list;1128;;;;;;;;
2021-08-25 11:32:38.857;/administrator/configuration/show;1176;;;;;;;;
2021-08-25 11:32:39.765;/administrator/configuration/update;600;;;;;;;;
2021-08-25 11:32:40.415;/master/welcome;589;;;;;;;;
2021-08-25 11:32:41.13;/master/welcome;586;;;;;;;;
2021-08-25 11:32:41.715;/master/welcome;509;;;;;;;;
2021-08-25 11:32:42.337;/master/welcome;588;;;;;;;;
2021-08-25 11:32:43.036;/master/sign-in;592;;;;;;;;
2021-08-25 11:32:44.843;/master/welcome;616;;;;;;;;
2021-08-25 11:32:46.278;/administrator/configuration/list;1176;;;;;;;;
2021-08-25 11:32:47.101;/administrator/configuration/show;588;;;;;;;;
2021-08-25 11:32:48.556;/administrator/configuration/update;1150;;;;;;;;
2021-08-25 11:32:49.183;/master/welcome;564;;;;;;;;
2021-08-25 11:32:49.879;/master/welcome;587;;;;;;;;
2021-08-25 11:32:50.528;/master/welcome;574;;;;;;;;
2021-08-25 11:32:51.1;/master/welcome;538;;;;;;;;
2021-08-25 11:32:51.799;/master/sign-in;593;;;;;;;;
2021-08-25 11:32:53.646;/master/welcome;634;;;;;;;;
2021-08-25 11:32:55.083;/administrator/configuration/list;1193;;;;;;;;
2021-08-25 11:32:56.495;/administrator/configuration/show;1166;;;;;;;;
2021-08-25 11:32:57.397;/administrator/configuration/update;592;;;;;;;;
2021-08-25 11:32:58.01;/master/welcome;551;;;;;;;;
2021-08-25 11:32:58.733;/master/welcome;598;;;;;;;;
2021-08-25 11:33:04.943;/master/welcome;669;;;;;;;;
2021-08-25 11:33:05.566;/master/welcome;533;;;;;;;;
2021-08-25 11:33:06.409;/master/sign-in;631;;;;;;;;
2021-08-25 11:33:07.675;/master/welcome;587;;;;;;;;
2021-08-25 11:33:09.95;/master/welcome;328;;;;;;;;
2021-08-25 11:33:10.666;/master/welcome;590;;;;;;;;
2021-08-25 11:33:11.033;/master/welcome;279;;;;;;;;
2021-08-25 11:33:11.339;/master/welcome;277;;;;;;;;
2021-08-25 11:33:12.063;/master/sign-in;601;;;;;;;;
2021-08-25 11:33:13.347;/master/welcome;591;;;;;;;;
2021-08-25 11:33:14.142;/administrator/dashboard/show;716;;;;;;;;
2021-08-25 11:33:14.57;/master/welcome;381;;;;;;;;
2021-08-25 11:33:15.276;/master/welcome;581;;;;;;;;
2021-08-25 11:33:15.627;/master/welcome;277;;;;;;;;
2021-08-25 11:33:15.92;/master/welcome;275;;;;;;;;
2021-08-25 11:33:16.666;/master/sign-in;603;;;;;;;;
2021-08-25 11:33:18.031;/master/welcome;590;;;;;;;;
2021-08-25 11:33:18.555;/administrator/dashboard/show;442;;;;;;;;
2021-08-25 11:33:19.223;/master/welcome;622;;;;;;;;
2021-08-25 11:33:20.005;/master/welcome;621;;;;;;;;
2021-08-25 11:33:20.437;/master/welcome;365;;;;;;;;
2021-08-25 11:33:20.776;/master/welcome;318;;;;;;;;
2021-08-25 11:33:21.498;/master/sign-in;592;;;;;;;;
2021-08-25 11:33:22.863;/master/welcome;638;;;;;;;;
2021-08-25 11:33:24.277;/administrator/dashboard/show;1190;;;;;;;;
2021-08-25 11:33:30.895;/master/welcome;453;;;;;;;;
2021-08-25 11:33:31.26;/master/welcome;341;;;;;;;;
2021-08-25 11:33:31.986;/master/sign-in;605;;;;;;;;
2021-08-25 11:33:33.275;/master/welcome;590;;;;;;;;
2021-08-25 11:33:35.584;/master/welcome;343;;;;;;;;
2021-08-25 11:33:36.28;/master/welcome;591;;;;;;;;
2021-08-25 11:33:36.684;/master/welcome;317;;;;;;;;
2021-08-25 11:33:37.346;/master/welcome;281;;;;;;;;
2021-08-25 11:33:38.036;/master/welcome;313;;;;;;;;
2021-08-25 11:33:38.386;/master/welcome;315;;;;;;;;
2021-08-25 11:33:39.107;/master/sign-in;605;;;;;;;;
2021-08-25 11:33:40.393;/master/welcome;592;;;;;;;;
2021-08-25 11:33:41.744;/authenticated/task/list-public-finished;1127;;;;;;;;
2021-08-25 11:33:43.888;/authenticated/task/show;1134;;;;;;;;
2021-08-25 11:33:44.66;/master/welcome;355;;;;;;;;
2021-08-25 11:33:45.37;/master/welcome;594;;;;;;;;
2021-08-25 11:33:45.823;/master/welcome;368;;;;;;;;
2021-08-25 11:33:46.269;/master/welcome;418;;;;;;;;
2021-08-25 11:33:47.002;/master/sign-in;591;;;;;;;;
2021-08-25 11:33:48.328;/master/welcome;587;;;;;;;;
2021-08-25 11:33:49.162;/authenticated/task/list-public-finished;589;;;;;;;;
2021-08-25 11:33:50.67;/authenticated/task/show;587;;;;;;;;
2021-08-25 11:33:51.523;/master/welcome;385;;;;;;;;
2021-08-25 11:33:52.252;/master/welcome;605;;;;;;;;
2021-08-25 11:33:52.592;/master/welcome;266;;;;;;;;
2021-08-25 11:33:52.936;/master/welcome;311;;;;;;;;
2021-08-25 11:33:53.662;/master/sign-in;604;;;;;;;;
2021-08-25 11:33:54.917;/master/welcome;593;;;;;;;;
2021-08-25 11:33:55.723;/authenticated/task/list-public-finished;595;;;;;;;;
2021-08-25 11:33:57.354;/authenticated/task/show;589;;;;;;;;
2021-08-25 11:33:57.988;/master/welcome;250;;;;;;;;
2021-08-25 11:33:58.687;/master/welcome;590;;;;;;;;
2021-08-25 11:33:58.992;/master/welcome;231;;;;;;;;
2021-08-25 11:33:59.281;/master/welcome;259;;;;;;;;
2021-08-25 11:33:59.973;/master/sign-in;586;;;;;;;;
2021-08-25 11:34:01.293;/master/welcome;606;;;;;;;;
2021-08-25 11:34:02.097;/authenticated/task/list-public-finished;582;;;;;;;;
2021-08-25 11:34:03.597;/authenticated/task/show;587;;;;;;;;
2021-08-25 11:34:04.231;/master/welcome;248;;;;;;;;
2021-08-25 11:34:04.942;/master/welcome;602;;;;;;;;
2021-08-25 11:34:05.247;/master/welcome;231;;;;;;;;
2021-08-25 11:34:05.544;/master/welcome;266;;;;;;;;
2021-08-25 11:34:06.249;/master/sign-in;591;;;;;;;;
2021-08-25 11:34:07.566;/master/welcome;589;;;;;;;;
2021-08-25 11:34:08.372;/authenticated/task/list-public-finished;588;;;;;;;;
2021-08-25 11:34:09.887;/authenticated/task/show;588;;;;;;;;
2021-08-25 11:34:10.585;/master/welcome;294;;;;;;;;
2021-08-25 11:34:11.287;/master/welcome;590;;;;;;;;
2021-08-25 11:34:11.687;/master/welcome;323;;;;;;;;
2021-08-25 11:34:11.983;/master/welcome;267;;;;;;;;
2021-08-25 11:34:12.682;/master/sign-in;593;;;;;;;;
2021-08-25 11:34:13.957;/master/welcome;612;;;;;;;;
2021-08-25 11:34:14.796;/authenticated/task/list-public-finished;606;;;;;;;;
2021-08-25 11:34:16.309;/authenticated/task/show;588;;;;;;;;
2021-08-25 11:34:17.176;/master/welcome;480;;;;;;;;
2021-08-25 11:34:17.952;/master/welcome;644;;;;;;;;
2021-08-25 11:34:26.39;/master/welcome;714;;;;;;;;
2021-08-25 11:34:26.969;/master/welcome;554;;;;;;;;
2021-08-25 11:34:27.704;/master/sign-in;595;;;;;;;;
2021-08-25 11:34:29.086;/master/welcome;585;;;;;;;;
2021-08-25 11:34:31.374;/master/welcome;315;;;;;;;;
2021-08-25 11:34:32.087;/master/welcome;606;;;;;;;;
2021-08-25 11:34:32.435;/master/welcome;270;;;;;;;;
2021-08-25 11:34:32.774;/master/welcome;307;;;;;;;;
2021-08-25 11:34:33.488;/master/sign-in;593;;;;;;;;
2021-08-25 11:34:34.742;/master/welcome;592;;;;;;;;
2021-08-25 11:34:36.098;/manager/task/create;1138;;;;;;;;
2021-08-25 11:34:37.908;/master/welcome;594;;;;;;;;
2021-08-25 11:34:38.749;/manager/task/list;663;;;;;;;;
2021-08-25 11:34:40.28;/manager/task/show;594;;;;;;;;
2021-08-25 11:34:40.991;/master/welcome;246;;;;;;;;
2021-08-25 11:34:41.287;/master/welcome;262;;;;;;;;
2021-08-25 11:34:42.003;/master/sign-in;592;;;;;;;;
2021-08-25 11:34:43.296;/master/welcome;591;;;;;;;;
2021-08-25 11:34:44.124;/manager/task/create;592;;;;;;;;
2021-08-25 11:34:47.002;/master/welcome;650;;;;;;;;
2021-08-25 11:34:47.78;/manager/task/list;588;;;;;;;;
2021-08-25 11:34:49.297;/manager/task/show;585;;;;;;;;
2021-08-25 11:34:50.116;/master/welcome;358;;;;;;;;
2021-08-25 11:34:50.505;/master/welcome;352;;;;;;;;
2021-08-25 11:34:51.239;/master/sign-in;611;;;;;;;;
2021-08-25 11:34:52.505;/master/welcome;593;;;;;;;;
2021-08-25 11:34:53.331;/manager/task/create;592;;;;;;;;
2021-08-25 11:34:55.163;/master/welcome;593;;;;;;;;
2021-08-25 11:34:55.917;/manager/task/list;591;;;;;;;;
2021-08-25 11:34:57.444;/manager/task/show;591;;;;;;;;
2021-08-25 11:34:58.583;/master/welcome;649;;;;;;;;
2021-08-25 11:34:59.126;/master/welcome;498;;;;;;;;
2021-08-25 11:34:59.862;/master/sign-in;595;;;;;;;;
2021-08-25 11:35:01.187;/master/welcome;610;;;;;;;;
2021-08-25 11:35:02.021;/manager/task/create;606;;;;;;;;
2021-08-25 11:35:04.855;/master/welcome;608;;;;;;;;
2021-08-25 11:35:06.318;/manager/task/list;1255;;;;;;;;
2021-08-25 11:35:08.065;/manager/task/show;637;;;;;;;;
2021-08-25 11:35:09.188;/master/welcome;624;;;;;;;;
2021-08-25 11:35:09.796;/master/welcome;573;;;;;;;;
2021-08-25 11:35:10.63;/master/sign-in;713;;;;;;;;
2021-08-25 11:35:12.081;/master/welcome;646;;;;;;;;
2021-08-25 11:35:12.913;/manager/task/create;587;;;;;;;;
2021-08-25 11:35:15.721;/master/welcome;591;;;;;;;;
2021-08-25 11:35:16.533;/manager/task/list;590;;;;;;;;
2021-08-25 11:35:18.036;/manager/task/show;586;;;;;;;;
2021-08-25 11:35:18.772;/master/welcome;265;;;;;;;;
2021-08-25 11:35:19.09;/master/welcome;285;;;;;;;;
2021-08-25 11:35:19.786;/master/sign-in;593;;;;;;;;
2021-08-25 11:35:21.165;/master/welcome;633;;;;;;;;
2021-08-25 11:35:21.971;/manager/task/create;591;;;;;;;;
2021-08-25 11:35:23.749;/master/welcome;586;;;;;;;;
2021-08-25 11:35:24.507;/manager/task/list;587;;;;;;;;
2021-08-25 11:35:26.028;/manager/task/show;584;;;;;;;;
2021-08-25 11:35:26.727;/master/welcome;235;;;;;;;;
2021-08-25 11:35:27.019;/master/welcome;265;;;;;;;;
2021-08-25 11:35:27.72;/master/sign-in;592;;;;;;;;
2021-08-25 11:35:29.01;/master/welcome;607;;;;;;;;
2021-08-25 11:35:29.835;/manager/task/create;592;;;;;;;;
2021-08-25 11:35:31.766;/master/welcome;595;;;;;;;;
2021-08-25 11:35:32.54;/manager/task/list;588;;;;;;;;
2021-08-25 11:35:34.71;/manager/task/show;1210;;;;;;;;
2021-08-25 11:35:35.562;/master/welcome;383;;;;;;;;
2021-08-25 11:35:35.97;/master/welcome;374;;;;;;;;
2021-08-25 11:35:36.756;/master/sign-in;651;;;;;;;;
2021-08-25 11:35:38.066;/master/welcome;614;;;;;;;;
2021-08-25 11:35:38.869;/manager/task/create;589;;;;;;;;
2021-08-25 11:35:41.45;/master/welcome;1175;;;;;;;;
2021-08-25 11:35:42.83;/manager/task/list;1169;;;;;;;;
2021-08-25 11:35:44.367;/manager/task/show;607;;;;;;;;
2021-08-25 11:35:45.248;/master/welcome;386;;;;;;;;
2021-08-25 11:35:45.57;/master/welcome;291;;;;;;;;
2021-08-25 11:35:46.314;/master/sign-in;621;;;;;;;;
2021-08-25 11:35:47.605;/master/welcome;591;;;;;;;;
2021-08-25 11:35:48.416;/manager/task/create;592;;;;;;;;
2021-08-25 11:35:50.852;/master/welcome;1187;;;;;;;;
2021-08-25 11:35:51.673;/manager/task/list;648;;;;;;;;
2021-08-25 11:35:53.209;/manager/task/show;593;;;;;;;;
2021-08-25 11:35:53.943;/master/welcome;243;;;;;;;;
2021-08-25 11:35:54.226;/master/welcome;248;;;;;;;;
2021-08-25 11:35:54.929;/master/sign-in;594;;;;;;;;
2021-08-25 11:35:56.18;/master/welcome;588;;;;;;;;
2021-08-25 11:35:56.984;/manager/task/create;590;;;;;;;;
2021-08-25 11:35:58.755;/master/welcome;591;;;;;;;;
2021-08-25 11:35:59.575;/manager/task/list;592;;;;;;;;
2021-08-25 11:36:01.099;/manager/task/show;587;;;;;;;;
2021-08-25 11:36:01.823;/master/welcome;267;;;;;;;;
2021-08-25 11:36:02.118;/master/welcome;268;;;;;;;;
2021-08-25 11:36:02.824;/master/sign-in;581;;;;;;;;
2021-08-25 11:36:04.23;/master/welcome;589;;;;;;;;
2021-08-25 11:36:05.037;/manager/task/create;591;;;;;;;;
2021-08-25 11:36:06.568;/master/welcome;586;;;;;;;;
2021-08-25 11:36:07.334;/manager/task/list;595;;;;;;;;
2021-08-25 11:36:08.866;/manager/task/show;590;;;;;;;;
2021-08-25 11:36:09.548;/master/welcome;220;;;;;;;;
2021-08-25 11:36:09.826;/master/welcome;255;;;;;;;;
2021-08-25 11:36:10.523;/master/sign-in;587;;;;;;;;
2021-08-25 11:36:11.796;/master/welcome;591;;;;;;;;
2021-08-25 11:36:12.604;/manager/task/create;593;;;;;;;;
2021-08-25 11:36:14.376;/master/welcome;588;;;;;;;;
2021-08-25 11:36:15.137;/manager/task/list;589;;;;;;;;
2021-08-25 11:36:16.708;/manager/task/show;641;;;;;;;;
2021-08-25 11:36:17.45;/master/welcome;276;;;;;;;;
2021-08-25 11:36:17.806;/master/welcome;327;;;;;;;;
2021-08-25 11:36:18.503;/master/sign-in;586;;;;;;;;
2021-08-25 11:36:19.745;/master/welcome;587;;;;;;;;
2021-08-25 11:36:20.583;/manager/task/create;589;;;;;;;;
2021-08-25 11:36:23.627;/master/welcome;618;;;;;;;;
2021-08-25 11:36:24.54;/manager/task/list;689;;;;;;;;
2021-08-25 11:36:26.141;/manager/task/show;593;;;;;;;;
2021-08-25 11:36:26.897;/master/welcome;299;;;;;;;;
2021-08-25 11:36:27.209;/master/welcome;283;;;;;;;;
2021-08-25 11:36:27.908;/master/sign-in;593;;;;;;;;
2021-08-25 11:36:29.162;/master/welcome;586;;;;;;;;
2021-08-25 11:36:29.968;/manager/task/create;590;;;;;;;;
2021-08-25 11:36:32.632;/master/welcome;621;;;;;;;;
2021-08-25 11:36:33.408;/manager/task/list;587;;;;;;;;
2021-08-25 11:36:34.947;/manager/task/show;589;;;;;;;;
2021-08-25 11:36:35.876;/master/welcome;425;;;;;;;;
2021-08-25 11:36:36.495;/master/welcome;594;;;;;;;;
2021-08-25 11:36:37.215;/master/sign-in;596;;;;;;;;
2021-08-25 11:36:38.54;/master/welcome;584;;;;;;;;
2021-08-25 11:36:40.063;/manager/task/create;1225;;;;;;;;
2021-08-25 11:36:42.908;/master/welcome;607;;;;;;;;
2021-08-25 11:36:44.252;/manager/task/list;1166;;;;;;;;
2021-08-25 11:36:45.756;/manager/task/show;591;;;;;;;;
2021-08-25 11:36:46.776;/master/welcome;562;;;;;;;;
2021-08-25 11:36:47.324;/master/welcome;516;;;;;;;;
2021-08-25 11:36:48.02;/master/sign-in;589;;;;;;;;
2021-08-25 11:36:49.792;/master/welcome;594;;;;;;;;
2021-08-25 11:36:50.6;/manager/task/create;592;;;;;;;;
2021-08-25 11:36:53.165;/master/welcome;585;;;;;;;;
2021-08-25 11:36:53.998;/manager/task/list;665;;;;;;;;
2021-08-25 11:36:55.5;/manager/task/show;595;;;;;;;;
2021-08-25 11:36:56.302;/master/welcome;292;;;;;;;;
2021-08-25 11:36:56.64;/master/welcome;305;;;;;;;;
2021-08-25 11:36:57.337;/master/sign-in;586;;;;;;;;
2021-08-25 11:36:58.62;/master/welcome;591;;;;;;;;
2021-08-25 11:36:59.443;/manager/task/create;589;;;;;;;;
2021-08-25 11:37:01.094;/master/welcome;591;;;;;;;;
2021-08-25 11:37:01.844;/manager/task/list;584;;;;;;;;
2021-08-25 11:37:03.366;/manager/task/show;591;;;;;;;;
2021-08-25 11:37:04.546;/master/welcome;532;;;;;;;;
2021-08-25 11:37:05.092;/master/welcome;513;;;;;;;;
2021-08-25 11:37:05.787;/master/sign-in;591;;;;;;;;
2021-08-25 11:37:07.539;/master/welcome;585;;;;;;;;
2021-08-25 11:37:08.36;/manager/task/create;588;;;;;;;;
2021-08-25 11:37:10.747;/master/welcome;1163;;;;;;;;
2021-08-25 11:37:11.594;/manager/task/list;667;;;;;;;;
2021-08-25 11:37:13.198;/manager/task/show;608;;;;;;;;
2021-08-25 11:37:14.162;/master/welcome;500;;;;;;;;
2021-08-25 11:37:14.698;/master/welcome;505;;;;;;;;
2021-08-25 11:37:15.401;/master/sign-in;595;;;;;;;;
2021-08-25 11:37:17.153;/master/welcome;589;;;;;;;;
2021-08-25 11:37:17.96;/manager/task/create;596;;;;;;;;
2021-08-25 11:37:20.306;/master/welcome;590;;;;;;;;
2021-08-25 11:37:21.635;/manager/task/list;1130;;;;;;;;
2021-08-25 11:37:23.151;/manager/task/show;589;;;;;;;;
2021-08-25 11:37:23.964;/master/welcome;344;;;;;;;;
2021-08-25 11:37:24.35;/master/welcome;362;;;;;;;;
2021-08-25 11:37:25.159;/master/sign-in;590;;;;;;;;
2021-08-25 11:37:27.403;/master/welcome;1155;;;;;;;;
2021-08-25 11:37:28.766;/manager/task/create;1146;;;;;;;;
2021-08-25 11:37:32.048;/master/welcome;592;;;;;;;;
2021-08-25 11:37:33.372;/manager/task/list;1150;;;;;;;;
2021-08-25 11:37:35.503;/manager/task/show;1150;;;;;;;;
2021-08-25 11:37:36.362;/master/welcome;376;;;;;;;;
2021-08-25 11:37:37.058;/master/welcome;666;;;;;;;;
2021-08-25 11:37:37.746;/master/sign-in;588;;;;;;;;
2021-08-25 11:37:39.528;/master/welcome;609;;;;;;;;
2021-08-25 11:37:40.909;/manager/task/create;1150;;;;;;;;
2021-08-25 11:37:44.306;/master/welcome;1678;;;;;;;;
2021-08-25 11:37:45.63;/manager/task/list;1136;;;;;;;;
2021-08-25 11:37:47.171;/manager/task/show;603;;;;;;;;
2021-08-25 11:37:48.187;/master/welcome;560;;;;;;;;
2021-08-25 11:37:48.879;/master/welcome;662;;;;;;;;
2021-08-25 11:37:50.177;/master/sign-in;1158;;;;;;;;
2021-08-25 11:37:51.54;/master/welcome;603;;;;;;;;
2021-08-25 11:37:52.355;/manager/task/create;598;;;;;;;;
2021-08-25 11:37:55.645;/master/welcome;621;;;;;;;;
2021-08-25 11:37:56.981;/manager/task/list;1130;;;;;;;;
2021-08-25 11:37:59.281;/manager/task/show;1248;;;;;;;;
2021-08-25 11:38:00.286;/master/welcome;541;;;;;;;;
2021-08-25 11:38:00.832;/master/welcome;514;;;;;;;;
2021-08-25 11:38:01.529;/master/sign-in;592;;;;;;;;
2021-08-25 11:38:03.895;/master/welcome;1179;;;;;;;;
2021-08-25 11:38:04.739;/manager/task/create;583;;;;;;;;
2021-08-25 11:38:08.056;/master/welcome;605;;;;;;;;
2021-08-25 11:38:08.863;/manager/task/list;619;;;;;;;;
2021-08-25 11:38:10.414;/manager/task/show;602;;;;;;;;
2021-08-25 11:38:11.628;/master/welcome;669;;;;;;;;
2021-08-25 11:38:12.312;/master/welcome;649;;;;;;;;
2021-08-25 11:38:13.578;/master/sign-in;1165;;;;;;;;
2021-08-25 11:38:15.477;/master/welcome;1140;;;;;;;;
2021-08-25 11:38:16.282;/manager/task/create;588;;;;;;;;
2021-08-25 11:38:18.263;/manager/task/create;1156;;;;;;;;
2021-08-25 11:38:18.839;/master/welcome;499;;;;;;;;
2021-08-25 11:38:19.488;/master/welcome;620;;;;;;;;
2021-08-25 11:38:20.186;/master/sign-in;591;;;;;;;;
2021-08-25 11:38:21.977;/master/welcome;591;;;;;;;;
2021-08-25 11:38:22.786;/manager/task/create;589;;;;;;;;
2021-08-25 11:38:25.784;/manager/task/create;1157;;;;;;;;
2021-08-25 11:38:26.46;/master/welcome;597;;;;;;;;
2021-08-25 11:38:27.129;/master/welcome;635;;;;;;;;
2021-08-25 11:38:28.406;/master/sign-in;1154;;;;;;;;
2021-08-25 11:38:29.834;/master/welcome;591;;;;;;;;
2021-08-25 11:38:30.647;/manager/task/create;587;;;;;;;;
2021-08-25 11:38:33.496;/manager/task/create;1157;;;;;;;;
2021-08-25 11:38:34.104;/master/welcome;527;;;;;;;;
2021-08-25 11:38:34.655;/master/welcome;526;;;;;;;;
2021-08-25 11:38:35.366;/master/sign-in;586;;;;;;;;
2021-08-25 11:38:37.142;/master/welcome;591;;;;;;;;
2021-08-25 11:38:37.951;/manager/task/create;592;;;;;;;;
2021-08-25 11:38:39.795;/manager/task/create;591;;;;;;;;
2021-08-25 11:38:40.475;/master/welcome;598;;;;;;;;
2021-08-25 11:38:41.041;/master/welcome;535;;;;;;;;
2021-08-25 11:38:41.737;/master/sign-in;588;;;;;;;;
2021-08-25 11:38:43.527;/master/welcome;606;;;;;;;;
2021-08-25 11:38:44.895;/manager/task/create;1141;;;;;;;;
2021-08-25 11:38:47.701;/manager/task/create;1134;;;;;;;;
2021-08-25 11:38:48.305;/master/welcome;522;;;;;;;;
2021-08-25 11:38:48.916;/master/welcome;584;;;;;;;;
2021-08-25 11:38:49.632;/master/sign-in;587;;;;;;;;
2021-08-25 11:38:51.394;/master/welcome;591;;;;;;;;
2021-08-25 11:38:52.215;/manager/task/create;603;;;;;;;;
2021-08-25 11:38:54.537;/manager/task/create;593;;;;;;;;
2021-08-25 11:38:55.17;/master/welcome;555;;;;;;;;
2021-08-25 11:38:55.755;/master/welcome;556;;;;;;;;
2021-08-25 11:38:56.446;/master/sign-in;582;;;;;;;;
2021-08-25 11:38:58.213;/master/welcome;597;;;;;;;;
2021-08-25 11:38:59.027;/manager/task/create;591;;;;;;;;
2021-08-25 11:39:00.848;/manager/task/create;587;;;;;;;;
2021-08-25 11:39:01.505;/master/welcome;581;;;;;;;;
2021-08-25 11:39:02.066;/master/welcome;529;;;;;;;;
2021-08-25 11:39:02.761;/master/sign-in;587;;;;;;;;
2021-08-25 11:39:04.543;/master/welcome;601;;;;;;;;
2021-08-25 11:39:05.895;/manager/task/create;1131;;;;;;;;
2021-08-25 11:39:08.805;/manager/task/create;1141;;;;;;;;
2021-08-25 11:39:09.407;/master/welcome;526;;;;;;;;
2021-08-25 11:39:09.976;/master/welcome;541;;;;;;;;
2021-08-25 11:39:10.69;/master/sign-in;604;;;;;;;;
2021-08-25 11:39:12.451;/master/welcome;592;;;;;;;;
2021-08-25 11:39:13.272;/manager/task/create;604;;;;;;;;
2021-08-25 11:39:15.758;/manager/task/create;619;;;;;;;;
2021-08-25 11:39:16.441;/master/welcome;600;;;;;;;;
2021-08-25 11:39:16.827;/master/welcome;357;;;;;;;;
2021-08-25 11:39:17.556;/master/sign-in;604;;;;;;;;
2021-08-25 11:39:19.214;/master/welcome;593;;;;;;;;
2021-08-25 11:39:20.567;/manager/task/create;1134;;;;;;;;
2021-08-25 11:39:23.393;/manager/task/create;1146;;;;;;;;
2021-08-25 11:39:23.966;/master/welcome;497;;;;;;;;
2021-08-25 11:39:24.514;/master/welcome;518;;;;;;;;
2021-08-25 11:39:25.231;/master/sign-in;613;;;;;;;;
2021-08-25 11:39:26.987;/master/welcome;588;;;;;;;;
2021-08-25 11:39:28.375;/manager/task/create;1150;;;;;;;;
2021-08-25 11:39:31.194;/manager/task/create;1141;;;;;;;;
2021-08-25 11:39:31.598;/master/welcome;324;;;;;;;;
2021-08-25 11:39:32.155;/master/welcome;523;;;;;;;;
2021-08-25 11:39:32.881;/master/sign-in;623;;;;;;;;
2021-08-25 11:39:34.192;/master/welcome;611;;;;;;;;
2021-08-25 11:39:35.7;/manager/task/create;1171;;;;;;;;
2021-08-25 11:39:37.547;/manager/task/create;588;;;;;;;;
2021-08-25 11:39:37.965;/master/welcome;341;;;;;;;;
2021-08-25 11:39:38.311;/master/welcome;306;;;;;;;;
2021-08-25 11:39:38.999;/master/sign-in;583;;;;;;;;
2021-08-25 11:39:40.272;/master/welcome;602;;;;;;;;
2021-08-25 11:39:41.081;/manager/task/create;590;;;;;;;;
2021-08-25 11:39:42.918;/manager/task/create;593;;;;;;;;
2021-08-25 11:39:43.306;/master/welcome;315;;;;;;;;
2021-08-25 11:39:43.635;/master/welcome;299;;;;;;;;
2021-08-25 11:39:44.347;/master/sign-in;602;;;;;;;;
2021-08-25 11:39:45.704;/master/welcome;594;;;;;;;;
2021-08-25 11:39:47.068;/manager/task/create;1150;;;;;;;;
2021-08-25 11:39:49.954;/manager/task/create;1147;;;;;;;;
2021-08-25 11:39:50.516;/master/welcome;486;;;;;;;;
2021-08-25 11:39:51.05;/master/welcome;500;;;;;;;;
2021-08-25 11:39:51.744;/master/sign-in;588;;;;;;;;
2021-08-25 11:39:53.511;/master/welcome;591;;;;;;;;
2021-08-25 11:39:54.326;/manager/task/create;597;;;;;;;;
2021-08-25 11:39:56.726;/manager/task/create;1167;;;;;;;;
2021-08-25 11:39:57.313;/master/welcome;511;;;;;;;;
2021-08-25 11:39:57.902;/master/welcome;558;;;;;;;;
2021-08-25 11:39:58.598;/master/sign-in;590;;;;;;;;
2021-08-25 11:40:00.351;/master/welcome;588;;;;;;;;
2021-08-25 11:40:01.181;/manager/task/create;599;;;;;;;;
2021-08-25 11:40:02.742;/manager/task/create;600;;;;;;;;
2021-08-25 11:40:03.336;/master/welcome;513;;;;;;;;
2021-08-25 11:40:03.922;/master/welcome;553;;;;;;;;
2021-08-25 11:40:04.629;/master/sign-in;586;;;;;;;;
2021-08-25 11:40:06.394;/master/welcome;587;;;;;;;;
2021-08-25 11:40:07.201;/manager/task/create;589;;;;;;;;
2021-08-25 11:40:09.001;/manager/task/create;591;;;;;;;;
2021-08-25 11:40:09.429;/master/welcome;350;;;;;;;;
2021-08-25 11:40:10.044;/master/welcome;589;;;;;;;;
2021-08-25 11:40:10.762;/master/sign-in;593;;;;;;;;
2021-08-25 11:40:12.519;/master/welcome;591;;;;;;;;
2021-08-25 11:40:13.326;/manager/task/create;596;;;;;;;;
2021-08-25 11:40:15.176;/manager/task/create;588;;;;;;;;
2021-08-25 11:40:15.769;/master/welcome;517;;;;;;;;
2021-08-25 11:40:16.299;/master/welcome;496;;;;;;;;
2021-08-25 11:40:17.017;/master/sign-in;608;;;;;;;;
2021-08-25 11:40:18.739;/master/welcome;600;;;;;;;;
2021-08-25 11:40:20.09;/manager/task/create;1133;;;;;;;;
2021-08-25 11:40:22.174;/manager/task/create;1150;;;;;;;;
2021-08-25 11:40:22.762;/master/welcome;509;;;;;;;;
2021-08-25 11:40:23.307;/master/welcome;514;;;;;;;;
2021-08-25 11:40:24.007;/master/sign-in;595;;;;;;;;
2021-08-25 11:40:25.765;/master/welcome;592;;;;;;;;
2021-08-25 11:40:27.11;/manager/task/create;1132;;;;;;;;
2021-08-25 11:40:29.355;/manager/task/create;590;;;;;;;;
2021-08-25 11:40:29.935;/master/welcome;501;;;;;;;;
2021-08-25 11:40:30.445;/master/welcome;481;;;;;;;;
2021-08-25 11:40:31.219;/master/sign-in;633;;;;;;;;
2021-08-25 11:40:32.966;/master/welcome;607;;;;;;;;
2021-08-25 11:40:33.769;/manager/task/create;588;;;;;;;;
2021-08-25 11:40:35.589;/manager/task/create;601;;;;;;;;
2021-08-25 11:40:36.24;/master/welcome;573;;;;;;;;
2021-08-25 11:40:36.874;/master/welcome;603;;;;;;;;
2021-08-25 11:40:37.585;/master/sign-in;599;;;;;;;;
2021-08-25 11:40:39.381;/master/welcome;610;;;;;;;;
2021-08-25 11:40:40.739;/manager/task/create;1144;;;;;;;;
2021-08-25 11:40:43.568;/manager/task/create;1159;;;;;;;;
2021-08-25 11:40:44.189;/master/welcome;548;;;;;;;;
2021-08-25 11:40:44.872;/master/welcome;645;;;;;;;;
2021-08-25 11:40:45.582;/master/sign-in;591;;;;;;;;
2021-08-25 11:40:47.346;/master/welcome;587;;;;;;;;
2021-08-25 11:40:48.689;/manager/task/create;1129;;;;;;;;
2021-08-25 11:40:50.745;/manager/task/create;1134;;;;;;;;
2021-08-25 11:40:51.416;/master/welcome;552;;;;;;;;
2021-08-25 11:40:51.986;/master/welcome;537;;;;;;;;
2021-08-25 11:40:52.689;/master/sign-in;594;;;;;;;;
2021-08-25 11:40:54.463;/master/welcome;588;;;;;;;;
2021-08-25 11:40:55.262;/manager/task/create;587;;;;;;;;
2021-08-25 11:40:57.096;/manager/task/create;587;;;;;;;;
2021-08-25 11:40:57.673;/master/welcome;499;;;;;;;;
2021-08-25 11:40:58.199;/master/welcome;496;;;;;;;;
2021-08-25 11:40:58.894;/master/sign-in;586;;;;;;;;
2021-08-25 11:41:00.664;/master/welcome;588;;;;;;;;
2021-08-25 11:41:01.463;/manager/task/create;584;;;;;;;;
2021-08-25 11:41:03.358;/manager/task/create;614;;;;;;;;
2021-08-25 11:41:04.045;/master/welcome;612;;;;;;;;
2021-08-25 11:41:04.602;/master/welcome;529;;;;;;;;
2021-08-25 11:41:05.305;/master/sign-in;591;;;;;;;;
2021-08-25 11:41:07.068;/master/welcome;596;;;;;;;;
2021-08-25 11:41:07.876;/manager/task/create;592;;;;;;;;
2021-08-25 11:41:09.715;/manager/task/create;590;;;;;;;;
2021-08-25 11:41:10.299;/master/welcome;509;;;;;;;;
2021-08-25 11:41:10.876;/master/welcome;544;;;;;;;;
2021-08-25 11:41:11.605;/master/sign-in;624;;;;;;;;
2021-08-25 11:41:13.374;/master/welcome;589;;;;;;;;
2021-08-25 11:41:14.177;/manager/task/create;591;;;;;;;;
2021-08-25 11:41:16.007;/manager/task/create;594;;;;;;;;
2021-08-25 11:41:16.627;/master/welcome;545;;;;;;;;
2021-08-25 11:41:17.173;/master/welcome;517;;;;;;;;
2021-08-25 11:41:17.887;/master/sign-in;592;;;;;;;;
2021-08-25 11:41:19.639;/master/welcome;583;;;;;;;;
2021-08-25 11:41:20.996;/manager/task/create;1141;;;;;;;;
2021-08-25 11:41:22.544;/manager/task/create;611;;;;;;;;
2021-08-25 11:41:23.206;/master/welcome;588;;;;;;;;
2021-08-25 11:41:23.843;/master/welcome;605;;;;;;;;
2021-08-25 11:41:25.115;/master/sign-in;1145;;;;;;;;
2021-08-25 11:41:26.442;/master/welcome;611;;;;;;;;
2021-08-25 11:41:27.799;/manager/task/create;1136;;;;;;;;
2021-08-25 11:41:30.08;/manager/task/create;618;;;;;;;;
2021-08-25 11:41:30.703;/master/welcome;542;;;;;;;;
2021-08-25 11:41:31.238;/master/welcome;511;;;;;;;;
2021-08-25 11:41:31.938;/master/sign-in;590;;;;;;;;
2021-08-25 11:41:33.738;/master/welcome;626;;;;;;;;
2021-08-25 11:41:34.544;/manager/task/create;585;;;;;;;;
2021-08-25 11:41:36.665;/manager/task/create;1164;;;;;;;;
2021-08-25 11:41:37.374;/master/welcome;637;;;;;;;;
2021-08-25 11:41:37.733;/master/welcome;328;;;;;;;;
2021-08-25 11:41:38.445;/master/sign-in;605;;;;;;;;
2021-08-25 11:41:39.84;/master/welcome;591;;;;;;;;
2021-08-25 11:41:40.649;/manager/task/create;592;;;;;;;;
2021-08-25 11:41:42.605;/manager/task/create;592;;;;;;;;
2021-08-25 11:41:48.807;/master/welcome;497;;;;;;;;
2021-08-25 11:41:49.149;/master/welcome;311;;;;;;;;
2021-08-25 11:41:49.878;/master/sign-in;596;;;;;;;;
2021-08-25 11:41:51.18;/master/welcome;610;;;;;;;;
2021-08-25 11:41:53.422;/master/welcome;290;;;;;;;;
2021-08-25 11:41:54.121;/master/welcome;590;;;;;;;;
2021-08-25 11:41:54.433;/master/welcome;235;;;;;;;;
2021-08-25 11:41:54.787;/master/welcome;325;;;;;;;;
2021-08-25 11:41:55.506;/master/sign-in;595;;;;;;;;
2021-08-25 11:41:56.799;/master/welcome;593;;;;;;;;
2021-08-25 11:41:57.606;/manager/task/list;589;;;;;;;;
2021-08-25 11:41:59.144;/manager/task/show;592;;;;;;;;
2021-08-25 11:41:59.786;/master/welcome;251;;;;;;;;
2021-08-25 11:42:00.503;/master/welcome;609;;;;;;;;
2021-08-25 11:42:00.816;/master/welcome;239;;;;;;;;
2021-08-25 11:42:01.091;/master/welcome;246;;;;;;;;
2021-08-25 11:42:01.792;/master/sign-in;592;;;;;;;;
2021-08-25 11:42:03.094;/master/welcome;586;;;;;;;;
2021-08-25 11:42:03.896;/manager/task/list;591;;;;;;;;
2021-08-25 11:42:05.458;/manager/task/show;593;;;;;;;;
2021-08-25 11:42:06.136;/master/welcome;288;;;;;;;;
2021-08-25 11:42:06.827;/master/welcome;587;;;;;;;;
2021-08-25 11:42:07.187;/master/welcome;281;;;;;;;;
2021-08-25 11:42:07.544;/master/welcome;322;;;;;;;;
2021-08-25 11:42:08.291;/master/sign-in;609;;;;;;;;
2021-08-25 11:42:09.626;/master/welcome;610;;;;;;;;
2021-08-25 11:42:10.448;/manager/task/list;586;;;;;;;;
2021-08-25 11:42:11.972;/manager/task/show;591;;;;;;;;
2021-08-25 11:42:12.627;/master/welcome;271;;;;;;;;
2021-08-25 11:42:13.321;/master/welcome;587;;;;;;;;
2021-08-25 11:42:13.651;/master/welcome;254;;;;;;;;
2021-08-25 11:42:13.943;/master/welcome;266;;;;;;;;
2021-08-25 11:42:14.656;/master/sign-in;593;;;;;;;;
2021-08-25 11:42:15.944;/master/welcome;589;;;;;;;;
2021-08-25 11:42:16.77;/manager/task/list;608;;;;;;;;
2021-08-25 11:42:18.336;/manager/task/show;593;;;;;;;;
2021-08-25 11:42:19.029;/master/welcome;274;;;;;;;;
2021-08-25 11:42:19.728;/master/welcome;588;;;;;;;;
2021-08-25 11:42:20.057;/master/welcome;251;;;;;;;;
2021-08-25 11:42:20.347;/master/welcome;262;;;;;;;;
2021-08-25 11:42:21.044;/master/sign-in;591;;;;;;;;
2021-08-25 11:42:22.363;/master/welcome;601;;;;;;;;
2021-08-25 11:42:23.168;/manager/task/list;588;;;;;;;;
2021-08-25 11:42:24.685;/manager/task/show;589;;;;;;;;
2021-08-25 11:42:25.384;/master/welcome;306;;;;;;;;
2021-08-25 11:42:26.141;/master/welcome;604;;;;;;;;
2021-08-25 11:42:26.589;/master/welcome;372;;;;;;;;
2021-08-25 11:42:26.931;/master/welcome;314;;;;;;;;
2021-08-25 11:42:27.625;/master/sign-in;589;;;;;;;;
2021-08-25 11:42:28.883;/master/welcome;588;;;;;;;;
2021-08-25 11:42:29.685;/manager/task/list;588;;;;;;;;
2021-08-25 11:42:31.273;/manager/task/show;589;;;;;;;;
2021-08-25 11:42:31.96;/master/welcome;298;;;;;;;;
2021-08-25 11:42:32.658;/master/welcome;592;;;;;;;;
2021-08-25 11:42:33.08;/master/welcome;348;;;;;;;;
2021-08-25 11:42:33.432;/master/welcome;327;;;;;;;;
2021-08-25 11:42:34.134;/master/sign-in;599;;;;;;;;
2021-08-25 11:42:35.413;/master/welcome;590;;;;;;;;
2021-08-25 11:42:36.284;/manager/task/list;638;;;;;;;;
2021-08-25 11:42:37.824;/manager/task/show;586;;;;;;;;
2021-08-25 11:42:38.604;/master/welcome;385;;;;;;;;
2021-08-25 11:42:39.346;/master/welcome;620;;;;;;;;
2021-08-25 11:42:39.821;/master/welcome;399;;;;;;;;
2021-08-25 11:42:40.16;/master/welcome;310;;;;;;;;
2021-08-25 11:42:40.868;/master/sign-in;587;;;;;;;;
2021-08-25 11:42:42.17;/master/welcome;590;;;;;;;;
2021-08-25 11:42:42.977;/manager/task/list;590;;;;;;;;
2021-08-25 11:42:44.537;/manager/task/show;591;;;;;;;;
2021-08-25 11:42:45.233;/master/welcome;280;;;;;;;;
2021-08-25 11:42:45.921;/master/welcome;588;;;;;;;;
2021-08-25 11:42:46.266;/master/welcome;271;;;;;;;;
2021-08-25 11:42:46.558;/master/welcome;272;;;;;;;;
2021-08-25 11:42:47.256;/master/sign-in;591;;;;;;;;
2021-08-25 11:42:48.607;/master/welcome;601;;;;;;;;
2021-08-25 11:42:49.415;/manager/task/list;593;;;;;;;;
2021-08-25 11:42:50.938;/manager/task/show;590;;;;;;;;
2021-08-25 11:42:51.606;/master/welcome;281;;;;;;;;
2021-08-25 11:42:52.313;/master/welcome;598;;;;;;;;
2021-08-25 11:42:52.702;/master/welcome;315;;;;;;;;
2021-08-25 11:42:52.995;/master/welcome;265;;;;;;;;
2021-08-25 11:42:53.706;/master/sign-in;585;;;;;;;;
2021-08-25 11:42:54.989;/master/welcome;600;;;;;;;;
2021-08-25 11:42:55.795;/manager/task/list;593;;;;;;;;
2021-08-25 11:42:57.432;/manager/task/show;586;;;;;;;;
2021-08-25 11:42:58.173;/master/welcome;359;;;;;;;;
2021-08-25 11:42:58.872;/master/welcome;591;;;;;;;;
2021-08-25 11:42:59.229;/master/welcome;282;;;;;;;;
2021-08-25 11:42:59.672;/master/welcome;409;;;;;;;;
2021-08-25 11:43:00.42;/master/sign-in;638;;;;;;;;
2021-08-25 11:43:01.752;/master/welcome;590;;;;;;;;
2021-08-25 11:43:02.617;/manager/task/list;626;;;;;;;;
2021-08-25 11:43:04.171;/manager/task/show;591;;;;;;;;
2021-08-25 11:43:04.895;/master/welcome;300;;;;;;;;
2021-08-25 11:43:05.612;/master/welcome;584;;;;;;;;
2021-08-25 11:43:06.019;/master/welcome;329;;;;;;;;
2021-08-25 11:43:06.322;/master/welcome;272;;;;;;;;
2021-08-25 11:43:07.028;/master/sign-in;595;;;;;;;;
2021-08-25 11:43:08.282;/master/welcome;590;;;;;;;;
2021-08-25 11:43:09.112;/manager/task/list;583;;;;;;;;
2021-08-25 11:43:10.697;/manager/task/show;587;;;;;;;;
2021-08-25 11:43:11.362;/master/welcome;280;;;;;;;;
2021-08-25 11:43:12.069;/master/welcome;598;;;;;;;;
2021-08-25 11:43:12.424;/master/welcome;282;;;;;;;;
2021-08-25 11:43:12.767;/master/welcome;314;;;;;;;;
2021-08-25 11:43:13.503;/master/sign-in;608;;;;;;;;
2021-08-25 11:43:14.839;/master/welcome;583;;;;;;;;
2021-08-25 11:43:15.578;/master/welcome;343;;;;;;;;
2021-08-25 11:43:16.28;/master/welcome;592;;;;;;;;
2021-08-25 11:43:22.555;/master/welcome;482;;;;;;;;
2021-08-25 11:43:22.954;/master/welcome;372;;;;;;;;
2021-08-25 11:43:23.677;/master/sign-in;602;;;;;;;;
2021-08-25 11:43:25.01;/master/welcome;606;;;;;;;;
2021-08-25 11:43:28.012;/master/welcome;434;;;;;;;;
2021-08-25 11:43:28.731;/master/welcome;613;;;;;;;;
2021-08-25 11:43:29.421;/master/welcome;577;;;;;;;;
2021-08-25 11:43:30.019;/master/welcome;568;;;;;;;;
2021-08-25 11:43:30.756;/master/sign-in;618;;;;;;;;
2021-08-25 11:43:32.168;/master/welcome;665;;;;;;;;
2021-08-25 11:43:33.356;/master/welcome;473;;;;;;;;
2021-08-25 11:43:34.1;/master/welcome;619;;;;;;;;
2021-08-25 11:43:34.643;/master/welcome;464;;;;;;;;
2021-08-25 11:43:35.223;/master/welcome;517;;;;;;;;
2021-08-25 11:43:35.937;/master/sign-in;600;;;;;;;;
2021-08-25 11:43:37.241;/master/welcome;612;;;;;;;;
2021-08-25 11:43:38.112;/master/welcome;407;;;;;;;;
2021-08-25 11:43:38.825;/master/welcome;590;;;;;;;;
2021-08-25 11:43:39.371;/master/welcome;446;;;;;;;;
2021-08-25 11:43:39.766;/master/welcome;374;;;;;;;;
2021-08-25 11:43:40.503;/master/sign-in;617;;;;;;;;
2021-08-25 11:43:41.805;/master/welcome;615;;;;;;;;
2021-08-25 11:43:42.638;/manager/task/list;590;;;;;;;;
2021-08-25 11:43:44.248;/manager/task/show;635;;;;;;;;
2021-08-25 11:43:46.344;/manager/task/list;605;;;;;;;;
2021-08-25 11:43:46.751;/master/welcome;371;;;;;;;;
2021-08-25 11:43:47.452;/master/welcome;592;;;;;;;;
2021-08-25 11:43:47.844;/master/welcome;297;;;;;;;;
2021-08-25 11:43:48.24;/master/welcome;362;;;;;;;;
2021-08-25 11:43:48.991;/master/sign-in;594;;;;;;;;
2021-08-25 11:43:50.364;/master/welcome;603;;;;;;;;
2021-08-25 11:43:51.185;/manager/task/list;587;;;;;;;;
2021-08-25 11:43:52.721;/manager/task/show;601;;;;;;;;
2021-08-25 11:43:54.843;/manager/task/list;650;;;;;;;;
2021-08-25 11:43:55.235;/master/welcome;365;;;;;;;;
2021-08-25 11:43:55.946;/master/welcome;593;;;;;;;;
2021-08-25 11:43:56.34;/master/welcome;316;;;;;;;;
2021-08-25 11:43:56.686;/master/welcome;310;;;;;;;;
2021-08-25 11:43:57.407;/master/sign-in;594;;;;;;;;
2021-08-25 11:43:58.667;/master/welcome;593;;;;;;;;
2021-08-25 11:43:59.471;/manager/task/list;588;;;;;;;;
2021-08-25 11:44:00.992;/manager/task/show;595;;;;;;;;
2021-08-25 11:44:03.05;/manager/task/list;614;;;;;;;;
2021-08-25 11:44:03.348;/master/welcome;265;;;;;;;;
2021-08-25 11:44:04.06;/master/welcome;587;;;;;;;;
2021-08-25 11:44:04.416;/master/welcome;282;;;;;;;;
2021-08-25 11:44:04.728;/master/welcome;282;;;;;;;;
2021-08-25 11:44:05.432;/master/sign-in;585;;;;;;;;
2021-08-25 11:44:06.776;/master/welcome;587;;;;;;;;
2021-08-25 11:44:07.581;/manager/task/list;589;;;;;;;;
2021-08-25 11:44:09.107;/manager/task/show;592;;;;;;;;
2021-08-25 11:44:10.731;/manager/task/list;1214;;;;;;;;
2021-08-25 11:44:11.023;/master/welcome;262;;;;;;;;
2021-08-25 11:44:11.739;/master/welcome;587;;;;;;;;
2021-08-25 11:44:12.172;/master/welcome;357;;;;;;;;
2021-08-25 11:44:12.589;/master/welcome;390;;;;;;;;
2021-08-25 11:44:13.316;/master/sign-in;609;;;;;;;;
2021-08-25 11:44:14.575;/master/welcome;586;;;;;;;;
2021-08-25 11:44:15.477;/manager/task/list;654;;;;;;;;
2021-08-25 11:44:17.007;/manager/task/show;587;;;;;;;;
2021-08-25 11:44:18.215;/manager/task/list;790;;;;;;;;
2021-08-25 11:44:18.64;/master/welcome;395;;;;;;;;
2021-08-25 11:44:19.333;/master/welcome;588;;;;;;;;
2021-08-25 11:44:19.764;/master/welcome;350;;;;;;;;
2021-08-25 11:44:20.216;/master/welcome;395;;;;;;;;
2021-08-25 11:44:20.956;/master/sign-in;618;;;;;;;;
2021-08-25 11:44:22.266;/master/welcome;586;;;;;;;;
2021-08-25 11:44:23.068;/manager/task/list;587;;;;;;;;
2021-08-25 11:44:24.67;/manager/task/show;607;;;;;;;;
2021-08-25 11:44:25.77;/manager/task/list;675;;;;;;;;
2021-08-25 11:44:26.09;/master/welcome;293;;;;;;;;
2021-08-25 11:44:26.807;/master/welcome;592;;;;;;;;
2021-08-25 11:44:27.167;/master/welcome;266;;;;;;;;
2021-08-25 11:44:27.447;/master/welcome;252;;;;;;;;
2021-08-25 11:44:28.155;/master/sign-in;590;;;;;;;;
2021-08-25 11:44:29.457;/master/welcome;618;;;;;;;;
2021-08-25 11:44:30.293;/manager/task/list;590;;;;;;;;
2021-08-25 11:44:31.844;/manager/task/show;593;;;;;;;;
2021-08-25 11:44:32.958;/manager/task/list;666;;;;;;;;
2021-08-25 11:44:33.315;/master/welcome;322;;;;;;;;
2021-08-25 11:44:34.018;/master/welcome;583;;;;;;;;
2021-08-25 11:44:34.426;/master/welcome;327;;;;;;;;
2021-08-25 11:44:34.86;/master/welcome;406;;;;;;;;
2021-08-25 11:44:35.565;/master/sign-in;584;;;;;;;;
2021-08-25 11:44:36.91;/master/welcome;637;;;;;;;;
2021-08-25 11:44:37.81;/manager/task/list;630;;;;;;;;
2021-08-25 11:44:39.331;/manager/task/show;589;;;;;;;;
2021-08-25 11:44:40.969;/manager/task/list;1202;;;;;;;;
2021-08-25 11:44:41.328;/master/welcome;331;;;;;;;;
2021-08-25 11:44:42.04;/master/welcome;589;;;;;;;;
2021-08-25 11:44:42.385;/master/welcome;267;;;;;;;;
2021-08-25 11:44:42.705;/master/welcome;299;;;;;;;;
2021-08-25 11:44:43.439;/master/sign-in;599;;;;;;;;
2021-08-25 11:44:44.731;/master/welcome;608;;;;;;;;
2021-08-25 11:44:45.567;/manager/task/list;606;;;;;;;;
2021-08-25 11:44:47.152;/manager/task/show;624;;;;;;;;
2021-08-25 11:44:48.327;/manager/task/list;733;;;;;;;;
2021-08-25 11:44:48.716;/master/welcome;362;;;;;;;;
2021-08-25 11:44:49.44;/master/welcome;600;;;;;;;;
2021-08-25 11:44:49.826;/master/welcome;306;;;;;;;;
2021-08-25 11:44:50.193;/master/welcome;337;;;;;;;;
2021-08-25 11:44:50.883;/master/sign-in;590;;;;;;;;
2021-08-25 11:44:52.182;/master/welcome;606;;;;;;;;
2021-08-25 11:44:53.137;/manager/task/list;689;;;;;;;;
2021-08-25 11:44:54.646;/manager/task/show;586;;;;;;;;
2021-08-25 11:44:55.812;/manager/task/list;664;;;;;;;;
2021-08-25 11:44:56.172;/master/welcome;325;;;;;;;;
2021-08-25 11:44:56.882;/master/welcome;596;;;;;;;;
2021-08-25 11:44:57.285;/master/welcome;324;;;;;;;;
2021-08-25 11:44:57.598;/master/welcome;282;;;;;;;;
2021-08-25 11:44:58.305;/master/sign-in;585;;;;;;;;
2021-08-25 11:44:59.634;/master/welcome;589;;;;;;;;
2021-08-25 11:45:00.443;/manager/task/list;587;;;;;;;;
2021-08-25 11:45:02.057;/manager/task/show;591;;;;;;;;
2021-08-25 11:45:03.137;/manager/task/list;653;;;;;;;;
2021-08-25 11:45:03.482;/master/welcome;311;;;;;;;;
2021-08-25 11:45:04.225;/master/welcome;624;;;;;;;;
2021-08-25 11:45:04.602;/master/welcome;294;;;;;;;;
2021-08-25 11:45:05.003;/master/welcome;376;;;;;;;;
2021-08-25 11:45:05.705;/master/sign-in;591;;;;;;;;
2021-08-25 11:45:06.943;/master/welcome;585;;;;;;;;
2021-08-25 11:45:07.777;/manager/task/list;603;;;;;;;;
2021-08-25 11:45:09.394;/manager/task/show;591;;;;;;;;
2021-08-25 11:45:10.497;/manager/task/list;668;;;;;;;;
2021-08-25 11:45:10.877;/master/welcome;344;;;;;;;;
2021-08-25 11:45:11.603;/master/welcome;606;;;;;;;;
2021-08-25 11:45:11.997;/master/welcome;317;;;;;;;;
2021-08-25 11:45:12.958;/master/welcome;457;;;;;;;;
2021-08-25 11:45:13.391;/master/welcome;391;;;;;;;;
2021-08-25 11:45:14.104;/master/sign-in;591;;;;;;;;
2021-08-25 11:45:15.359;/master/welcome;593;;;;;;;;
2021-08-25 11:45:16.167;/master/welcome;370;;;;;;;;
2021-08-25 11:45:16.917;/master/welcome;603;;;;;;;;
2021-08-25 11:45:17.384;/master/welcome;381;;;;;;;;
2021-08-25 11:45:17.79;/master/welcome;370;;;;;;;;
2021-08-25 11:45:18.493;/master/sign-in;600;;;;;;;;
2021-08-25 11:45:19.827;/master/welcome;606;;;;;;;;
2021-08-25 11:45:20.736;/master/welcome;440;;;;;;;;
2021-08-25 11:45:21.463;/master/welcome;596;;;;;;;;
2021-08-25 11:45:28.664;/master/welcome;925;;;;;;;;
2021-08-25 11:45:29.138;/master/welcome;445;;;;;;;;
2021-08-25 11:45:29.857;/master/sign-in;589;;;;;;;;
2021-08-25 11:45:31.168;/master/welcome;611;;;;;;;;
2021-08-25 11:45:33.44;/master/welcome;323;;;;;;;;
2021-08-25 11:45:34.136;/master/welcome;586;;;;;;;;
2021-08-25 11:45:34.552;/master/welcome;336;;;;;;;;
2021-08-25 11:45:34.975;/master/welcome;407;;;;;;;;
2021-08-25 11:45:35.707;/master/sign-in;587;;;;;;;;
2021-08-25 11:45:37.007;/master/welcome;593;;;;;;;;
2021-08-25 11:45:37.809;/manager/task/list;584;;;;;;;;
2021-08-25 11:45:38.634;/manager/task/show;592;;;;;;;;
2021-08-25 11:45:41.395;/manager/task/list;615;;;;;;;;
2021-08-25 11:45:42.218;/manager/task/show;591;;;;;;;;
2021-08-25 11:45:42.969;/master/welcome;296;;;;;;;;
2021-08-25 11:45:43.703;/master/welcome;604;;;;;;;;
2021-08-25 11:45:44.138;/master/welcome;359;;;;;;;;
2021-08-25 11:45:44.495;/master/welcome;324;;;;;;;;
2021-08-25 11:45:45.203;/master/sign-in;605;;;;;;;;
2021-08-25 11:45:46.532;/master/welcome;601;;;;;;;;
2021-08-25 11:45:47.356;/manager/task/list;587;;;;;;;;
2021-08-25 11:45:48.209;/manager/task/show;599;;;;;;;;
2021-08-25 11:45:50.925;/manager/task/list;604;;;;;;;;
2021-08-25 11:45:51.762;/manager/task/show;605;;;;;;;;
2021-08-25 11:45:52.63;/master/welcome;415;;;;;;;;
2021-08-25 11:45:53.359;/master/welcome;602;;;;;;;;
2021-08-25 11:45:53.86;/master/welcome;423;;;;;;;;
2021-08-25 11:45:54.26;/master/welcome;370;;;;;;;;
2021-08-25 11:45:54.975;/master/sign-in;588;;;;;;;;
2021-08-25 11:45:56.244;/master/welcome;589;;;;;;;;
2021-08-25 11:45:57.097;/manager/task/list;604;;;;;;;;
2021-08-25 11:45:57.935;/manager/task/show;590;;;;;;;;
2021-08-25 11:46:00.567;/manager/task/list;614;;;;;;;;
2021-08-25 11:46:01.403;/manager/task/show;603;;;;;;;;
2021-08-25 11:46:02.239;/master/welcome;312;;;;;;;;
2021-08-25 11:46:02.951;/master/welcome;592;;;;;;;;
2021-08-25 11:46:03.316;/master/welcome;297;;;;;;;;
2021-08-25 11:46:03.702;/master/welcome;362;;;;;;;;
2021-08-25 11:46:04.397;/master/sign-in;589;;;;;;;;
2021-08-25 11:46:05.688;/master/welcome;610;;;;;;;;
2021-08-25 11:46:06.523;/manager/task/list;586;;;;;;;;
2021-08-25 11:46:07.345;/manager/task/show;588;;;;;;;;
2021-08-25 11:46:09.917;/manager/task/list;611;;;;;;;;
2021-08-25 11:46:10.747;/manager/task/show;591;;;;;;;;
2021-08-25 11:46:11.46;/master/welcome;267;;;;;;;;
2021-08-25 11:46:12.15;/master/welcome;580;;;;;;;;
2021-08-25 11:46:12.493;/master/welcome;260;;;;;;;;
2021-08-25 11:46:12.781;/master/welcome;261;;;;;;;;
2021-08-25 11:46:13.477;/master/sign-in;588;;;;;;;;
2021-08-25 11:46:14.764;/master/welcome;605;;;;;;;;
2021-08-25 11:46:15.628;/manager/task/list;604;;;;;;;;
2021-08-25 11:46:16.448;/manager/task/show;590;;;;;;;;
2021-08-25 11:46:19.115;/manager/task/list;620;;;;;;;;
2021-08-25 11:46:19.954;/manager/task/show;594;;;;;;;;
2021-08-25 11:46:20.733;/master/welcome;327;;;;;;;;
2021-08-25 11:46:21.423;/master/welcome;589;;;;;;;;
2021-08-25 11:46:21.817;/master/welcome;317;;;;;;;;
2021-08-25 11:46:22.184;/master/welcome;339;;;;;;;;
2021-08-25 11:46:22.907;/master/sign-in;592;;;;;;;;
2021-08-25 11:46:24.3;/master/welcome;611;;;;;;;;
2021-08-25 11:46:25.117;/manager/task/list;591;;;;;;;;
2021-08-25 11:46:25.949;/manager/task/show;594;;;;;;;;
2021-08-25 11:46:28.117;/manager/task/list;1210;;;;;;;;
2021-08-25 11:46:28.937;/manager/task/show;587;;;;;;;;
2021-08-25 11:46:29.689;/master/welcome;306;;;;;;;;
2021-08-25 11:46:30.38;/master/welcome;587;;;;;;;;
2021-08-25 11:46:30.707;/master/welcome;251;;;;;;;;
2021-08-25 11:46:30.986;/master/welcome;254;;;;;;;;
2021-08-25 11:46:31.696;/master/sign-in;587;;;;;;;;
2021-08-25 11:46:33.167;/master/welcome;606;;;;;;;;
2021-08-25 11:46:34.001;/manager/task/list;589;;;;;;;;
2021-08-25 11:46:34.818;/manager/task/show;587;;;;;;;;
2021-08-25 11:46:36.683;/manager/task/list;692;;;;;;;;
2021-08-25 11:46:37.515;/manager/task/show;602;;;;;;;;
2021-08-25 11:46:38.215;/master/welcome;253;;;;;;;;
2021-08-25 11:46:38.915;/master/welcome;595;;;;;;;;
2021-08-25 11:46:39.223;/master/welcome;237;;;;;;;;
2021-08-25 11:46:39.523;/master/welcome;265;;;;;;;;
2021-08-25 11:46:40.218;/master/sign-in;586;;;;;;;;
2021-08-25 11:46:41.536;/master/welcome;590;;;;;;;;
2021-08-25 11:46:42.338;/manager/task/list;586;;;;;;;;
2021-08-25 11:46:43.159;/manager/task/show;588;;;;;;;;
2021-08-25 11:46:45.475;/manager/task/list;1206;;;;;;;;
2021-08-25 11:46:46.298;/manager/task/show;589;;;;;;;;
2021-08-25 11:46:47.107;/master/welcome;357;;;;;;;;
2021-08-25 11:46:47.827;/master/welcome;601;;;;;;;;
2021-08-25 11:46:48.224;/master/welcome;325;;;;;;;;
2021-08-25 11:46:48.611;/master/welcome;359;;;;;;;;
2021-08-25 11:46:49.336;/master/sign-in;603;;;;;;;;
2021-08-25 11:46:50.693;/master/welcome;606;;;;;;;;
2021-08-25 11:46:51.514;/manager/task/list;593;;;;;;;;
2021-08-25 11:46:52.349;/manager/task/show;591;;;;;;;;
2021-08-25 11:46:54.5;/manager/task/list;611;;;;;;;;
2021-08-25 11:46:55.328;/manager/task/show;597;;;;;;;;
2021-08-25 11:46:56.096;/master/welcome;333;;;;;;;;
2021-08-25 11:46:56.818;/master/welcome;601;;;;;;;;
2021-08-25 11:46:57.318;/master/welcome;410;;;;;;;;
2021-08-25 11:46:57.639;/master/welcome;296;;;;;;;;
2021-08-25 11:46:58.358;/master/sign-in;596;;;;;;;;
2021-08-25 11:46:59.617;/master/welcome;590;;;;;;;;
2021-08-25 11:47:00.484;/manager/task/list;649;;;;;;;;
2021-08-25 11:47:01.311;/manager/task/show;591;;;;;;;;
2021-08-25 11:47:03.504;/manager/task/list;1172;;;;;;;;
2021-08-25 11:47:04.321;/manager/task/show;590;;;;;;;;
2021-08-25 11:47:05.143;/master/welcome;368;;;;;;;;
2021-08-25 11:47:05.863;/master/welcome;585;;;;;;;;
2021-08-25 11:47:06.203;/master/welcome;260;;;;;;;;
2021-08-25 11:47:06.527;/master/welcome;299;;;;;;;;
2021-08-25 11:47:07.263;/master/sign-in;604;;;;;;;;
2021-08-25 11:47:08.693;/master/welcome;617;;;;;;;;
2021-08-25 11:47:09.649;/manager/task/list;706;;;;;;;;
2021-08-25 11:47:10.487;/manager/task/show;606;;;;;;;;
2021-08-25 11:47:13.287;/manager/task/list;604;;;;;;;;
2021-08-25 11:47:14.112;/manager/task/show;595;;;;;;;;
2021-08-25 11:47:14.837;/master/welcome;264;;;;;;;;
2021-08-25 11:47:15.534;/master/welcome;592;;;;;;;;
2021-08-25 11:47:15.893;/master/welcome;280;;;;;;;;
2021-08-25 11:47:16.293;/master/welcome;372;;;;;;;;
2021-08-25 11:47:16.984;/master/sign-in;584;;;;;;;;
2021-08-25 11:47:18.239;/master/welcome;590;;;;;;;;
2021-08-25 11:47:19.044;/manager/task/list;595;;;;;;;;
2021-08-25 11:47:19.897;/manager/task/show;605;;;;;;;;
2021-08-25 11:47:22.616;/manager/task/list;606;;;;;;;;
2021-08-25 11:47:23.437;/manager/task/show;586;;;;;;;;
2021-08-25 11:47:24.23;/master/welcome;351;;;;;;;;
2021-08-25 11:47:24.977;/master/welcome;631;;;;;;;;
2021-08-25 11:47:25.365;/master/welcome;311;;;;;;;;
2021-08-25 11:47:25.73;/master/welcome;338;;;;;;;;
2021-08-25 11:47:26.437;/master/sign-in;587;;;;;;;;
2021-08-25 11:47:27.767;/master/welcome;585;;;;;;;;
2021-08-25 11:47:28.584;/manager/task/list;587;;;;;;;;
2021-08-25 11:47:29.432;/manager/task/show;595;;;;;;;;
2021-08-25 11:47:32.105;/manager/task/list;608;;;;;;;;
2021-08-25 11:47:32.932;/manager/task/show;594;;;;;;;;
2021-08-25 11:47:33.706;/master/welcome;321;;;;;;;;
2021-08-25 11:47:34.421;/master/welcome;591;;;;;;;;
2021-08-25 11:47:34.793;/master/welcome;300;;;;;;;;
2021-08-25 11:47:35.218;/master/welcome;390;;;;;;;;
2021-08-25 11:47:35.975;/master/sign-in;620;;;;;;;;
2021-08-25 11:47:37.295;/master/welcome;590;;;;;;;;
2021-08-25 11:47:38.114;/manager/task/list;586;;;;;;;;
2021-08-25 11:47:38.95;/manager/task/show;593;;;;;;;;
2021-08-25 11:47:41.858;/manager/task/list;609;;;;;;;;
2021-08-25 11:47:42.683;/manager/task/show;591;;;;;;;;
2021-08-25 11:47:43.442;/master/welcome;298;;;;;;;;
2021-08-25 11:47:44.199;/master/welcome;625;;;;;;;;
2021-08-25 11:47:44.553;/master/welcome;274;;;;;;;;
2021-08-25 11:47:44.838;/master/welcome;252;;;;;;;;
2021-08-25 11:47:45.536;/master/sign-in;590;;;;;;;;
2021-08-25 11:47:46.806;/master/welcome;597;;;;;;;;
2021-08-25 11:47:47.606;/manager/task/list;586;;;;;;;;
2021-08-25 11:47:48.458;/manager/task/show;602;;;;;;;;
2021-08-25 11:47:50.728;/manager/task/list;605;;;;;;;;
2021-08-25 11:47:51.557;/manager/task/show;593;;;;;;;;
2021-08-25 11:47:52.326;/master/welcome;332;;;;;;;;
2021-08-25 11:47:53.05;/master/welcome;606;;;;;;;;
2021-08-25 11:47:53.547;/master/welcome;405;;;;;;;;
2021-08-25 11:47:53.91;/master/welcome;320;;;;;;;;
2021-08-25 11:47:54.622;/master/sign-in;590;;;;;;;;
2021-08-25 11:47:55.908;/master/welcome;592;;;;;;;;
2021-08-25 11:47:56.707;/manager/task/list;586;;;;;;;;
2021-08-25 11:47:57.529;/manager/task/show;587;;;;;;;;
2021-08-25 11:47:59.339;/manager/task/list;670;;;;;;;;
2021-08-25 11:48:00.164;/manager/task/show;591;;;;;;;;
2021-08-25 11:48:01.01;/master/welcome;356;;;;;;;;
2021-08-25 11:48:01.716;/master/welcome;600;;;;;;;;
2021-08-25 11:48:02.071;/master/welcome;280;;;;;;;;
2021-08-25 11:48:02.387;/master/welcome;289;;;;;;;;
2021-08-25 11:48:03.11;/master/sign-in;599;;;;;;;;
2021-08-25 11:48:04.392;/master/welcome;603;;;;;;;;
2021-08-25 11:48:05.199;/manager/task/list;586;;;;;;;;
2021-08-25 11:48:06.035;/manager/task/show;605;;;;;;;;
2021-08-25 11:48:08.237;/manager/task/list;1162;;;;;;;;
2021-08-25 11:48:09.06;/manager/task/show;591;;;;;;;;
2021-08-25 11:48:09.774;/master/welcome;264;;;;;;;;
2021-08-25 11:48:10.463;/master/welcome;584;;;;;;;;
2021-08-25 11:48:10.822;/master/welcome;265;;;;;;;;
2021-08-25 11:48:11.112;/master/welcome;263;;;;;;;;
2021-08-25 11:48:11.827;/master/sign-in;589;;;;;;;;
2021-08-25 11:48:13.07;/master/welcome;583;;;;;;;;
2021-08-25 11:48:13.899;/manager/task/list;600;;;;;;;;
2021-08-25 11:48:14.746;/manager/task/show;615;;;;;;;;
2021-08-25 11:48:17.508;/manager/task/list;605;;;;;;;;
2021-08-25 11:48:18.341;/manager/task/show;599;;;;;;;;
2021-08-25 11:48:19.039;/master/welcome;249;;;;;;;;
2021-08-25 11:48:19.733;/master/welcome;586;;;;;;;;
2021-08-25 11:48:20.076;/master/welcome;266;;;;;;;;
2021-08-25 11:48:20.435;/master/welcome;331;;;;;;;;
2021-08-25 11:48:21.125;/master/sign-in;587;;;;;;;;
2021-08-25 11:48:22.426;/master/welcome;590;;;;;;;;
2021-08-25 11:48:23.325;/manager/task/list;651;;;;;;;;
2021-08-25 11:48:24.215;/manager/task/show;625;;;;;;;;
2021-08-25 11:48:26.91;/manager/task/list;590;;;;;;;;
2021-08-25 11:48:27.732;/manager/task/show;585;;;;;;;;
2021-08-25 11:48:28.502;/master/welcome;314;;;;;;;;
2021-08-25 11:48:29.207;/master/welcome;597;;;;;;;;
2021-08-25 11:48:29.595;/master/welcome;311;;;;;;;;
2021-08-25 11:48:29.931;/master/welcome;305;;;;;;;;
2021-08-25 11:48:30.651;/master/sign-in;602;;;;;;;;
2021-08-25 11:48:31.942;/master/welcome;592;;;;;;;;
2021-08-25 11:48:32.758;/manager/task/list;598;;;;;;;;
2021-08-25 11:48:33.613;/manager/task/show;606;;;;;;;;
2021-08-25 11:48:35.452;/manager/task/list;654;;;;;;;;
2021-08-25 11:48:36.275;/manager/task/show;590;;;;;;;;
2021-08-25 11:48:36.975;/master/welcome;248;;;;;;;;
2021-08-25 11:48:37.701;/master/welcome;604;;;;;;;;
2021-08-25 11:48:38.058;/master/welcome;280;;;;;;;;
2021-08-25 11:48:38.398;/master/welcome;306;;;;;;;;
2021-08-25 11:48:39.096;/master/sign-in;593;;;;;;;;
2021-08-25 11:48:40.371;/master/welcome;591;;;;;;;;
2021-08-25 11:48:41.173;/manager/task/list;587;;;;;;;;
2021-08-25 11:48:42.017;/manager/task/show;609;;;;;;;;
2021-08-25 11:48:44.14;/manager/task/list;1154;;;;;;;;
2021-08-25 11:48:44.975;/manager/task/show;602;;;;;;;;
2021-08-25 11:48:45.798;/master/welcome;339;;;;;;;;
2021-08-25 11:48:46.538;/master/welcome;601;;;;;;;;
2021-08-25 11:48:46.897;/master/welcome;279;;;;;;;;
2021-08-25 11:48:47.218;/master/welcome;297;;;;;;;;
2021-08-25 11:48:47.919;/master/sign-in;590;;;;;;;;
2021-08-25 11:48:49.193;/master/welcome;609;;;;;;;;
2021-08-25 11:48:50.013;/manager/task/list;588;;;;;;;;
2021-08-25 11:48:50.839;/manager/task/show;588;;;;;;;;
2021-08-25 11:48:52.749;/manager/task/list;680;;;;;;;;
2021-08-25 11:48:53.564;/manager/task/show;590;;;;;;;;
2021-08-25 11:48:54.269;/master/welcome;254;;;;;;;;
2021-08-25 11:48:54.968;/master/welcome;592;;;;;;;;
2021-08-25 11:48:55.386;/master/welcome;329;;;;;;;;
2021-08-25 11:48:55.708;/master/welcome;296;;;;;;;;
2021-08-25 11:48:56.403;/master/sign-in;582;;;;;;;;
2021-08-25 11:48:57.675;/master/welcome;593;;;;;;;;
2021-08-25 11:48:58.507;/manager/task/list;586;;;;;;;;
2021-08-25 11:48:59.328;/manager/task/show;587;;;;;;;;
2021-08-25 11:49:01.295;/manager/task/list;691;;;;;;;;
2021-08-25 11:49:02.115;/manager/task/show;593;;;;;;;;
2021-08-25 11:49:02.81;/master/welcome;251;;;;;;;;
2021-08-25 11:49:03.518;/master/welcome;591;;;;;;;;
2021-08-25 11:49:03.938;/master/welcome;324;;;;;;;;
2021-08-25 11:49:04.302;/master/welcome;332;;;;;;;;
2021-08-25 11:49:05.008;/master/sign-in;593;;;;;;;;
2021-08-25 11:49:06.251;/master/welcome;594;;;;;;;;
2021-08-25 11:49:07.078;/manager/task/list;593;;;;;;;;
2021-08-25 11:49:07.95;/manager/task/show;605;;;;;;;;
2021-08-25 11:49:09.771;/manager/task/update;603;;;;;;;;
2021-08-25 11:49:10.219;/master/welcome;386;;;;;;;;
2021-08-25 11:49:10.938;/master/welcome;611;;;;;;;;
2021-08-25 11:49:11.405;/master/welcome;396;;;;;;;;
2021-08-25 11:49:11.848;/master/welcome;406;;;;;;;;
2021-08-25 11:49:12.541;/master/sign-in;587;;;;;;;;
2021-08-25 11:49:13.843;/master/welcome;586;;;;;;;;
2021-08-25 11:49:14.645;/manager/task/list;586;;;;;;;;
2021-08-25 11:49:15.465;/manager/task/show;590;;;;;;;;
2021-08-25 11:49:17.039;/manager/task/update;619;;;;;;;;
2021-08-25 11:49:17.409;/master/welcome;309;;;;;;;;
2021-08-25 11:49:18.117;/master/welcome;595;;;;;;;;
2021-08-25 11:49:18.497;/master/welcome;297;;;;;;;;
2021-08-25 11:49:18.864;/master/welcome;333;;;;;;;;
2021-08-25 11:49:19.574;/master/sign-in;592;;;;;;;;
2021-08-25 11:49:20.829;/master/welcome;591;;;;;;;;
2021-08-25 11:49:21.661;/manager/task/list;587;;;;;;;;
2021-08-25 11:49:22.481;/manager/task/show;590;;;;;;;;
2021-08-25 11:49:24.03;/manager/task/update;582;;;;;;;;
2021-08-25 11:49:24.369;/master/welcome;278;;;;;;;;
2021-08-25 11:49:25.063;/master/welcome;580;;;;;;;;
2021-08-25 11:49:25.419;/master/welcome;263;;;;;;;;
2021-08-25 11:49:25.747;/master/welcome;282;;;;;;;;
2021-08-25 11:49:26.463;/master/sign-in;593;;;;;;;;
2021-08-25 11:49:27.726;/master/welcome;599;;;;;;;;
2021-08-25 11:49:28.53;/manager/task/list;587;;;;;;;;
2021-08-25 11:49:29.354;/manager/task/show;590;;;;;;;;
2021-08-25 11:49:30.943;/manager/task/update;592;;;;;;;;
2021-08-25 11:49:31.302;/master/welcome;299;;;;;;;;
2021-08-25 11:49:31.997;/master/welcome;588;;;;;;;;
2021-08-25 11:49:32.357;/master/welcome;277;;;;;;;;
2021-08-25 11:49:32.646;/master/welcome;267;;;;;;;;
2021-08-25 11:49:33.36;/master/sign-in;587;;;;;;;;
2021-08-25 11:49:34.677;/master/welcome;592;;;;;;;;
2021-08-25 11:49:35.476;/manager/task/list;584;;;;;;;;
2021-08-25 11:49:36.298;/manager/task/show;590;;;;;;;;
2021-08-25 11:49:37.951;/manager/task/update;604;;;;;;;;
2021-08-25 11:49:38.484;/master/welcome;462;;;;;;;;
2021-08-25 11:49:39.262;/master/welcome;631;;;;;;;;
2021-08-25 11:49:39.785;/master/welcome;450;;;;;;;;
2021-08-25 11:49:40.19;/master/welcome;372;;;;;;;;
2021-08-25 11:49:40.915;/master/sign-in;598;;;;;;;;
2021-08-25 11:49:42.194;/master/welcome;597;;;;;;;;
2021-08-25 11:49:42.999;/manager/task/list;588;;;;;;;;
2021-08-25 11:49:43.828;/manager/task/show;599;;;;;;;;
2021-08-25 11:49:45.392;/manager/task/update;593;;;;;;;;
2021-08-25 11:49:45.736;/master/welcome;281;;;;;;;;
2021-08-25 11:49:46.452;/master/welcome;612;;;;;;;;
2021-08-25 11:49:46.888;/master/welcome;352;;;;;;;;
2021-08-25 11:49:47.259;/master/welcome;339;;;;;;;;
2021-08-25 11:49:48.002;/master/sign-in;603;;;;;;;;
2021-08-25 11:49:49.418;/master/welcome;614;;;;;;;;
2021-08-25 11:49:50.896;/manager/task/list;1230;;;;;;;;
2021-08-25 11:49:51.73;/manager/task/show;605;;;;;;;;
2021-08-25 11:49:53.336;/manager/task/update;592;;;;;;;;
2021-08-25 11:49:53.678;/master/welcome;282;;;;;;;;
2021-08-25 11:49:54.384;/master/welcome;588;;;;;;;;
2021-08-25 11:49:54.707;/master/welcome;249;;;;;;;;
2021-08-25 11:49:55.062;/master/welcome;330;;;;;;;;
2021-08-25 11:49:55.754;/master/sign-in;589;;;;;;;;
2021-08-25 11:49:57.05;/master/welcome;600;;;;;;;;
2021-08-25 11:49:57.885;/manager/task/list;619;;;;;;;;
2021-08-25 11:49:58.704;/manager/task/show;589;;;;;;;;
2021-08-25 11:50:00.507;/manager/task/update;607;;;;;;;;
2021-08-25 11:50:01.094;/master/welcome;522;;;;;;;;
2021-08-25 11:50:01.825;/master/welcome;597;;;;;;;;
2021-08-25 11:50:02.202;/master/welcome;302;;;;;;;;
2021-08-25 11:50:02.6;/master/welcome;371;;;;;;;;
2021-08-25 11:50:03.311;/master/sign-in;593;;;;;;;;
2021-08-25 11:50:04.606;/master/welcome;595;;;;;;;;
2021-08-25 11:50:05.485;/manager/task/list;636;;;;;;;;
2021-08-25 11:50:06.379;/manager/task/show;617;;;;;;;;
2021-08-25 11:50:08.239;/manager/task/update;671;;;;;;;;
2021-08-25 11:50:08.676;/master/welcome;363;;;;;;;;
2021-08-25 11:50:10.146;/master/welcome;1299;;;;;;;;
2021-08-25 11:50:10.728;/master/welcome;498;;;;;;;;
2021-08-25 11:50:11.262;/master/welcome;493;;;;;;;;
2021-08-25 11:50:11.985;/master/sign-in;601;;;;;;;;
2021-08-25 11:50:13.302;/master/welcome;591;;;;;;;;
2021-08-25 11:50:14.783;/manager/task/list;1221;;;;;;;;
2021-08-25 11:50:15.663;/manager/task/show;610;;;;;;;;
2021-08-25 11:50:17.469;/manager/task/update;612;;;;;;;;
2021-08-25 11:50:17.886;/master/welcome;360;;;;;;;;
2021-08-25 11:50:18.598;/master/welcome;588;;;;;;;;
2021-08-25 11:50:18.977;/master/welcome;304;;;;;;;;
2021-08-25 11:50:19.303;/master/welcome;296;;;;;;;;
2021-08-25 11:50:20.0;/master/sign-in;591;;;;;;;;
2021-08-25 11:50:21.297;/master/welcome;600;;;;;;;;
2021-08-25 11:50:22.108;/manager/task/list;599;;;;;;;;
2021-08-25 11:50:22.928;/manager/task/show;587;;;;;;;;
2021-08-25 11:50:24.495;/manager/task/update;584;;;;;;;;
2021-08-25 11:50:24.829;/master/welcome;280;;;;;;;;
2021-08-25 11:50:25.523;/master/welcome;578;;;;;;;;
2021-08-25 11:50:25.845;/master/welcome;247;;;;;;;;
2021-08-25 11:50:26.124;/master/welcome;251;;;;;;;;
2021-08-25 11:50:26.827;/master/sign-in;595;;;;;;;;
2021-08-25 11:50:28.111;/master/welcome;590;;;;;;;;
2021-08-25 11:50:28.962;/manager/task/list;585;;;;;;;;
2021-08-25 11:50:29.793;/manager/task/show;599;;;;;;;;
2021-08-25 11:50:31.399;/manager/task/update;606;;;;;;;;
2021-08-25 11:50:31.785;/master/welcome;325;;;;;;;;
2021-08-25 11:50:32.5;/master/welcome;589;;;;;;;;
2021-08-25 11:50:33.132;/master/welcome;522;;;;;;;;
2021-08-25 11:50:33.553;/master/welcome;376;;;;;;;;
2021-08-25 11:50:34.262;/master/sign-in;592;;;;;;;;
2021-08-25 11:50:35.537;/master/welcome;591;;;;;;;;
2021-08-25 11:50:36.357;/manager/task/list;583;;;;;;;;
2021-08-25 11:50:37.235;/manager/task/show;625;;;;;;;;
2021-08-25 11:50:38.877;/manager/task/update;602;;;;;;;;
2021-08-25 11:50:39.358;/master/welcome;417;;;;;;;;
2021-08-25 11:50:40.077;/master/welcome;608;;;;;;;;
2021-08-25 11:50:40.535;/master/welcome;373;;;;;;;;
2021-08-25 11:50:41.028;/master/welcome;456;;;;;;;;
2021-08-25 11:50:41.804;/master/sign-in;615;;;;;;;;
2021-08-25 11:50:43.236;/master/welcome;609;;;;;;;;
2021-08-25 11:50:44.158;/manager/task/list;665;;;;;;;;
2021-08-25 11:50:44.971;/manager/task/show;583;;;;;;;;
2021-08-25 11:50:46.6;/manager/task/update;587;;;;;;;;
2021-08-25 11:50:46.944;/master/welcome;281;;;;;;;;
2021-08-25 11:50:47.648;/master/welcome;597;;;;;;;;
2021-08-25 11:50:48.033;/master/welcome;311;;;;;;;;
2021-08-25 11:50:48.411;/master/welcome;347;;;;;;;;
2021-08-25 11:50:49.137;/master/sign-in;604;;;;;;;;
2021-08-25 11:50:50.406;/master/welcome;585;;;;;;;;
2021-08-25 11:50:51.249;/manager/task/list;593;;;;;;;;
2021-08-25 11:50:52.068;/manager/task/show;590;;;;;;;;
2021-08-25 11:50:53.758;/manager/task/update;619;;;;;;;;
2021-08-25 11:50:54.167;/master/welcome;330;;;;;;;;
2021-08-25 11:50:54.881;/master/welcome;589;;;;;;;;
2021-08-25 11:50:55.322;/master/welcome;359;;;;;;;;
2021-08-25 11:50:55.711;/master/welcome;347;;;;;;;;
2021-08-25 11:50:56.431;/master/sign-in;602;;;;;;;;
2021-08-25 11:50:57.79;/master/welcome;604;;;;;;;;
2021-08-25 11:50:59.178;/manager/task/list;1132;;;;;;;;
2021-08-25 11:51:00.07;/manager/task/show;657;;;;;;;;
2021-08-25 11:51:02.077;/manager/task/update;602;;;;;;;;
2021-08-25 11:51:02.58;/master/welcome;420;;;;;;;;
2021-08-25 11:51:03.298;/master/welcome;599;;;;;;;;
2021-08-25 11:51:03.885;/master/welcome;516;;;;;;;;
2021-08-25 11:51:04.366;/master/welcome;441;;;;;;;;
2021-08-25 11:51:05.09;/master/sign-in;601;;;;;;;;
2021-08-25 11:51:06.58;/master/welcome;610;;;;;;;;
2021-08-25 11:51:07.54;/manager/task/list;722;;;;;;;;
2021-08-25 11:51:08.366;/manager/task/show;596;;;;;;;;
2021-08-25 11:51:10.719;/manager/task/update;1193;;;;;;;;
2021-08-25 11:51:11.272;/master/welcome;482;;;;;;;;
2021-08-25 11:51:12.614;/master/welcome;1192;;;;;;;;
2021-08-25 11:51:13.612;/master/welcome;907;;;;;;;;
2021-08-25 11:51:14.514;/master/welcome;859;;;;;;;;
2021-08-25 11:51:15.84;/master/sign-in;1199;;;;;;;;
2021-08-25 11:51:17.801;/master/welcome;1188;;;;;;;;
2021-08-25 11:51:19.852;/manager/task/list;1803;;;;;;;;
2021-08-25 11:51:21.494;/manager/task/show;1388;;;;;;;;
2021-08-25 11:51:24.136;/manager/task/update;1268;;;;;;;;
2021-08-25 11:51:24.812;/master/welcome;627;;;;;;;;
2021-08-25 11:51:26.285;/master/welcome;1331;;;;;;;;
2021-08-25 11:51:26.859;/master/welcome;487;;;;;;;;
2021-08-25 11:51:27.537;/master/welcome;636;;;;;;;;
2021-08-25 11:51:28.282;/master/sign-in;621;;;;;;;;
2021-08-25 11:51:29.592;/master/welcome;581;;;;;;;;
2021-08-25 11:51:30.405;/manager/task/list;594;;;;;;;;
2021-08-25 11:51:31.265;/manager/task/show;585;;;;;;;;
2021-08-25 11:51:33.299;/manager/task/update;622;;;;;;;;
2021-08-25 11:51:33.726;/master/welcome;371;;;;;;;;
2021-08-25 11:51:34.419;/master/welcome;588;;;;;;;;
2021-08-25 11:51:34.821;/master/welcome;327;;;;;;;;
2021-08-25 11:51:35.139;/master/welcome;284;;;;;;;;
2021-08-25 11:51:35.862;/master/sign-in;588;;;;;;;;
2021-08-25 11:51:37.168;/master/welcome;620;;;;;;;;
2021-08-25 11:51:38.003;/manager/task/list;608;;;;;;;;
2021-08-25 11:51:38.815;/manager/task/show;584;;;;;;;;
2021-08-25 11:51:40.464;/manager/task/update;604;;;;;;;;
2021-08-25 11:51:41.085;/master/welcome;554;;;;;;;;
2021-08-25 11:51:41.822;/master/welcome;605;;;;;;;;
2021-08-25 11:51:42.366;/master/welcome;469;;;;;;;;
2021-08-25 11:51:42.856;/master/welcome;456;;;;;;;;
2021-08-25 11:51:44.144;/master/sign-in;1164;;;;;;;;
2021-08-25 11:51:45.622;/master/welcome;619;;;;;;;;
2021-08-25 11:51:46.578;/manager/task/list;711;;;;;;;;
2021-08-25 11:51:47.398;/manager/task/show;587;;;;;;;;
2021-08-25 11:51:49.03;/manager/task/update;651;;;;;;;;
2021-08-25 11:51:49.43;/master/welcome;336;;;;;;;;
2021-08-25 11:51:50.132;/master/welcome;590;;;;;;;;
2021-08-25 11:51:50.55;/master/welcome;343;;;;;;;;
2021-08-25 11:51:50.88;/master/welcome;305;;;;;;;;
2021-08-25 11:51:51.6;/master/sign-in;604;;;;;;;;
2021-08-25 11:51:52.848;/master/welcome;593;;;;;;;;
2021-08-25 11:51:53.673;/manager/task/list;605;;;;;;;;
2021-08-25 11:51:54.517;/manager/task/show;607;;;;;;;;
2021-08-25 11:51:56.189;/manager/task/update;605;;;;;;;;
2021-08-25 11:51:56.55;/master/welcome;308;;;;;;;;
2021-08-25 11:51:57.24;/master/welcome;586;;;;;;;;
2021-08-25 11:51:57.624;/master/welcome;299;;;;;;;;
2021-08-25 11:51:57.964;/master/welcome;310;;;;;;;;
2021-08-25 11:51:58.656;/master/sign-in;588;;;;;;;;
2021-08-25 11:51:59.937;/master/welcome;595;;;;;;;;
2021-08-25 11:52:00.757;/manager/task/list;591;;;;;;;;
2021-08-25 11:52:01.588;/manager/task/show;594;;;;;;;;
2021-08-25 11:52:03.372;/manager/task/update;609;;;;;;;;
2021-08-25 11:52:03.762;/master/welcome;331;;;;;;;;
2021-08-25 11:52:04.464;/master/welcome;593;;;;;;;;
2021-08-25 11:52:04.883;/master/welcome;346;;;;;;;;
2021-08-25 11:52:05.281;/master/welcome;369;;;;;;;;
2021-08-25 11:52:06.023;/master/sign-in;618;;;;;;;;
2021-08-25 11:52:07.363;/master/welcome;595;;;;;;;;
2021-08-25 11:52:08.213;/manager/task/list;619;;;;;;;;
2021-08-25 11:52:09.067;/manager/task/show;605;;;;;;;;
2021-08-25 11:52:10.701;/manager/task/update;619;;;;;;;;
2021-08-25 11:52:11.163;/master/welcome;408;;;;;;;;
2021-08-25 11:52:11.87;/master/welcome;587;;;;;;;;
2021-08-25 11:52:12.293;/master/welcome;344;;;;;;;;
2021-08-25 11:52:12.641;/master/welcome;308;;;;;;;;
2021-08-25 11:52:13.343;/master/sign-in;589;;;;;;;;
2021-08-25 11:52:14.769;/master/welcome;604;;;;;;;;
2021-08-25 11:52:15.679;/manager/task/list;640;;;;;;;;
2021-08-25 11:52:16.502;/manager/task/show;590;;;;;;;;
2021-08-25 11:52:18.113;/manager/task/update;624;;;;;;;;
2021-08-25 11:52:18.456;/master/welcome;281;;;;;;;;
2021-08-25 11:52:19.149;/master/welcome;597;;;;;;;;
2021-08-25 11:52:19.533;/master/welcome;297;;;;;;;;
2021-08-25 11:52:19.903;/master/welcome;334;;;;;;;;
2021-08-25 11:52:20.621;/master/sign-in;594;;;;;;;;
2021-08-25 11:52:21.937;/master/welcome;615;;;;;;;;
2021-08-25 11:52:22.825;/manager/task/list;650;;;;;;;;
2021-08-25 11:52:23.681;/manager/task/show;611;;;;;;;;
2021-08-25 11:52:26.142;/manager/task/update;1218;;;;;;;;
2021-08-25 11:52:26.687;/master/welcome;482;;;;;;;;
2021-08-25 11:52:27.396;/master/welcome;597;;;;;;;;
2021-08-25 11:52:27.866;/master/welcome;396;;;;;;;;
2021-08-25 11:52:28.323;/master/welcome;420;;;;;;;;
2021-08-25 11:52:29.084;/master/sign-in;625;;;;;;;;
2021-08-25 11:52:30.433;/master/welcome;634;;;;;;;;
2021-08-25 11:52:31.925;/manager/task/list;1231;;;;;;;;
2021-08-25 11:52:33.393;/manager/task/show;1231;;;;;;;;
2021-08-25 11:52:35.763;/manager/task/update;1168;;;;;;;;
2021-08-25 11:52:36.288;/master/welcome;468;;;;;;;;
2021-08-25 11:52:37.018;/master/welcome;613;;;;;;;;
2021-08-25 11:52:37.573;/master/welcome;477;;;;;;;;
2021-08-25 11:52:38.082;/master/welcome;480;;;;;;;;
2021-08-25 11:52:38.865;/master/sign-in;604;;;;;;;;
2021-08-25 11:52:40.316;/master/welcome;620;;;;;;;;
2021-08-25 11:52:41.332;/manager/task/list;769;;;;;;;;
2021-08-25 11:52:42.258;/manager/task/show;661;;;;;;;;
2021-08-25 11:52:44.843;/manager/task/update;1193;;;;;;;;
2021-08-25 11:52:45.321;/master/welcome;410;;;;;;;;
2021-08-25 11:52:46.038;/master/welcome;603;;;;;;;;
2021-08-25 11:52:46.502;/master/welcome;377;;;;;;;;
2021-08-25 11:52:47.011;/master/welcome;467;;;;;;;;
2021-08-25 11:52:47.807;/master/sign-in;636;;;;;;;;
2021-08-25 11:52:49.156;/master/welcome;600;;;;;;;;
2021-08-25 11:52:50.136;/manager/task/list;738;;;;;;;;
2021-08-25 11:52:50.961;/manager/task/show;590;;;;;;;;
2021-08-25 11:52:52.925;/manager/task/update;636;;;;;;;;
2021-08-25 11:52:53.473;/master/welcome;491;;;;;;;;
2021-08-25 11:52:54.213;/master/welcome;620;;;;;;;;
2021-08-25 11:52:54.814;/master/welcome;524;;;;;;;;
2021-08-25 11:52:55.596;/master/welcome;754;;;;;;;;
2021-08-25 11:52:56.313;/master/sign-in;600;;;;;;;;
2021-08-25 11:52:57.629;/master/welcome;600;;;;;;;;
2021-08-25 11:52:58.429;/manager/task/list;588;;;;;;;;
2021-08-25 11:52:59.266;/manager/task/show;602;;;;;;;;
2021-08-25 11:53:01.307;/manager/task/update;589;;;;;;;;
2021-08-25 11:53:01.736;/master/welcome;350;;;;;;;;
2021-08-25 11:53:02.48;/master/welcome;599;;;;;;;;
2021-08-25 11:53:02.95;/master/welcome;390;;;;;;;;
2021-08-25 11:53:03.356;/master/welcome;372;;;;;;;;
2021-08-25 11:53:04.073;/master/sign-in;601;;;;;;;;
2021-08-25 11:53:05.474;/master/welcome;586;;;;;;;;
2021-08-25 11:53:06.321;/manager/task/list;603;;;;;;;;
2021-08-25 11:53:07.157;/manager/task/show;592;;;;;;;;
2021-08-25 11:53:08.83;/manager/task/update;587;;;;;;;;
2021-08-25 11:53:09.296;/master/welcome;404;;;;;;;;
2021-08-25 11:53:10.006;/master/welcome;593;;;;;;;;
2021-08-25 11:53:15.744;/master/welcome;474;;;;;;;;
2021-08-25 11:53:16.186;/master/welcome;417;;;;;;;;
2021-08-25 11:53:16.881;/master/sign-in;590;;;;;;;;
2021-08-25 11:53:18.165;/master/welcome;604;;;;;;;;
2021-08-25 11:53:20.416;/master/welcome;282;;;;;;;;
2021-08-25 11:53:21.113;/master/welcome;593;;;;;;;;
2021-08-25 11:53:21.406;/master/welcome;214;;;;;;;;
2021-08-25 11:53:22.171;/anonymous/shout/list-recent;598;;;;;;;;
2021-08-25 11:53:23.375;/master/welcome;239;;;;;;;;
2021-08-25 11:53:24.141;/anonymous/shout/list-recent;591;;;;;;;;
2021-08-25 11:53:25.568;/master/welcome;357;;;;;;;;
2021-08-25 11:53:26.341;/anonymous/shout/list-recent;587;;;;;;;;
2021-08-25 11:53:27.593;/master/welcome;229;;;;;;;;
2021-08-25 11:53:28.361;/anonymous/shout/list-recent;585;;;;;;;;
2021-08-25 11:53:29.733;/master/welcome;340;;;;;;;;
2021-08-25 11:53:30.505;/anonymous/shout/list-recent;590;;;;;;;;
2021-08-25 11:53:31.765;/master/welcome;228;;;;;;;;
2021-08-25 11:53:32.52;/anonymous/shout/list-recent;591;;;;;;;;
2021-08-25 11:53:33.736;/master/welcome;251;;;;;;;;
2021-08-25 11:53:34.501;/anonymous/shout/list-recent;592;;;;;;;;
2021-08-25 11:53:35.733;/master/welcome;278;;;;;;;;
2021-08-25 11:53:36.016;/master/welcome;253;;;;;;;;
2021-08-25 11:53:36.707;/master/sign-in;589;;;;;;;;
2021-08-25 11:53:37.971;/master/welcome;591;;;;;;;;
2021-08-25 11:53:38.64;/master/welcome;280;;;;;;;;
2021-08-25 11:53:39.34;/master/welcome;590;;;;;;;;
2021-08-25 11:53:39.637;/master/welcome;219;;;;;;;;
2021-08-25 11:53:39.933;/master/welcome;268;;;;;;;;
2021-08-25 11:53:40.629;/master/sign-in;591;;;;;;;;
2021-08-25 11:53:41.886;/master/welcome;588;;;;;;;;
2021-08-25 11:53:42.493;/master/welcome;265;;;;;;;;
2021-08-25 11:53:43.195;/master/welcome;593;;;;;;;;
2021-08-25 11:53:48.908;/master/welcome;479;;;;;;;;
2021-08-25 11:53:49.214;/master/welcome;280;;;;;;;;
2021-08-25 11:53:49.922;/master/sign-in;587;;;;;;;;
2021-08-25 11:53:51.204;/master/welcome;585;;;;;;;;
2021-08-25 11:53:53.481;/master/welcome;313;;;;;;;;
2021-08-25 11:53:54.182;/master/welcome;593;;;;;;;;
2021-08-25 11:53:54.478;/master/welcome;223;;;;;;;;
2021-08-25 11:53:55.244;/anonymous/shout/create;593;;;;;;;;
2021-08-25 11:53:56.285;/master/welcome;585;;;;;;;;
2021-08-25 11:53:57.044;/anonymous/shout/list-recent;591;;;;;;;;
2021-08-25 11:53:58.024;/master/welcome;236;;;;;;;;
2021-08-25 11:53:58.804;/anonymous/shout/create;592;;;;;;;;
2021-08-25 11:53:59.833;/master/welcome;587;;;;;;;;
2021-08-25 11:54:00.625;/anonymous/shout/list-recent;605;;;;;;;;
2021-08-25 11:54:01.575;/master/welcome;225;;;;;;;;
2021-08-25 11:54:02.335;/anonymous/shout/create;589;;;;;;;;
2021-08-25 11:54:03.398;/master/welcome;610;;;;;;;;
2021-08-25 11:54:04.175;/anonymous/shout/list-recent;604;;;;;;;;
2021-08-25 11:54:05.153;/master/welcome;234;;;;;;;;
2021-08-25 11:54:05.912;/anonymous/shout/create;589;;;;;;;;
2021-08-25 11:54:06.969;/master/welcome;587;;;;;;;;
2021-08-25 11:54:07.727;/anonymous/shout/list-recent;588;;;;;;;;
2021-08-25 11:54:08.748;/master/welcome;249;;;;;;;;
2021-08-25 11:54:09.535;/anonymous/shout/create;593;;;;;;;;
2021-08-25 11:54:10.54;/master/welcome;587;;;;;;;;
2021-08-25 11:54:11.321;/anonymous/shout/list-recent;596;;;;;;;;
2021-08-25 11:54:12.283;/master/welcome;216;;;;;;;;
2021-08-25 11:54:13.045;/anonymous/shout/create;596;;;;;;;;
2021-08-25 11:54:14.142;/master/welcome;606;;;;;;;;
2021-08-25 11:54:14.9;/anonymous/shout/list-recent;593;;;;;;;;
2021-08-25 11:54:15.837;/master/welcome;227;;;;;;;;
2021-08-25 11:54:16.597;/anonymous/shout/create;593;;;;;;;;
2021-08-25 11:54:17.684;/master/welcome;606;;;;;;;;
2021-08-25 11:54:18.442;/anonymous/shout/list-recent;589;;;;;;;;
2021-08-25 11:54:19.478;/master/welcome;266;;;;;;;;
2021-08-25 11:54:20.262;/anonymous/shout/create;593;;;;;;;;
2021-08-25 11:54:21.299;/master/welcome;587;;;;;;;;
2021-08-25 11:54:22.104;/anonymous/shout/list-recent;605;;;;;;;;
2021-08-25 11:54:23.057;/master/welcome;206;;;;;;;;
2021-08-25 11:54:23.819;/anonymous/shout/create;594;;;;;;;;
2021-08-25 11:54:24.833;/master/welcome;603;;;;;;;;
2021-08-25 11:54:25.591;/anonymous/shout/list-recent;588;;;;;;;;
2021-08-25 11:54:26.651;/master/welcome;268;;;;;;;;
2021-08-25 11:54:27.407;/anonymous/shout/create;588;;;;;;;;
2021-08-25 11:54:28.477;/master/welcome;590;;;;;;;;
2021-08-25 11:54:29.239;/anonymous/shout/list-recent;587;;;;;;;;
2021-08-25 11:54:30.196;/master/welcome;231;;;;;;;;
2021-08-25 11:54:30.973;/anonymous/shout/create;592;;;;;;;;
2021-08-25 11:54:32.0;/master/welcome;595;;;;;;;;
2021-08-25 11:54:32.761;/anonymous/shout/list-recent;590;;;;;;;;
2021-08-25 11:54:34.637;/master/welcome;234;;;;;;;;
2021-08-25 11:54:35.431;/anonymous/shout/create;591;;;;;;;;
2021-08-25 11:54:36.507;/master/welcome;589;;;;;;;;
2021-08-25 11:54:37.268;/anonymous/shout/list-recent;591;;;;;;;;
2021-08-25 11:54:39.143;/master/welcome;252;;;;;;;;
2021-08-25 11:54:39.915;/anonymous/shout/create;594;;;;;;;;
2021-08-25 11:54:40.895;/master/welcome;582;;;;;;;;
2021-08-25 11:54:41.66;/anonymous/shout/list-recent;594;;;;;;;;
2021-08-25 11:54:43.55;/master/welcome;216;;;;;;;;
2021-08-25 11:54:44.306;/anonymous/shout/create;588;;;;;;;;
2021-08-25 11:54:45.334;/master/welcome;589;;;;;;;;
2021-08-25 11:54:46.099;/anonymous/shout/list-recent;600;;;;;;;;
2021-08-25 11:54:48.003;/master/welcome;234;;;;;;;;
2021-08-25 11:54:48.757;/anonymous/shout/create;586;;;;;;;;
2021-08-25 11:54:49.822;/master/welcome;609;;;;;;;;
2021-08-25 11:54:50.598;/anonymous/shout/list-recent;591;;;;;;;;
2021-08-25 11:54:52.501;/master/welcome;244;;;;;;;;
2021-08-25 11:54:53.266;/anonymous/shout/create;587;;;;;;;;
2021-08-25 11:54:54.296;/master/welcome;585;;;;;;;;
2021-08-25 11:54:55.06;/anonymous/shout/list-recent;592;;;;;;;;
2021-08-25 11:54:56.983;/master/welcome;266;;;;;;;;
2021-08-25 11:54:57.745;/anonymous/shout/create;595;;;;;;;;
2021-08-25 11:54:58.733;/master/welcome;584;;;;;;;;
2021-08-25 11:54:59.489;/anonymous/shout/list-recent;588;;;;;;;;
2021-08-25 11:55:01.437;/master/welcome;219;;;;;;;;
2021-08-25 11:55:02.204;/anonymous/shout/create;595;;;;;;;;
2021-08-25 11:55:03.222;/master/welcome;591;;;;;;;;
2021-08-25 11:55:03.984;/anonymous/shout/list-recent;589;;;;;;;;
2021-08-25 11:55:05.939;/master/welcome;232;;;;;;;;
2021-08-25 11:55:06.697;/anonymous/shout/create;588;;;;;;;;
2021-08-25 11:55:07.725;/master/welcome;596;;;;;;;;
2021-08-25 11:55:08.482;/anonymous/shout/list-recent;586;;;;;;;;
2021-08-25 11:55:10.362;/master/welcome;220;;;;;;;;
2021-08-25 11:55:11.117;/anonymous/shout/create;590;;;;;;;;
2021-08-25 11:55:12.175;/master/welcome;595;;;;;;;;
2021-08-25 11:55:12.95;/anonymous/shout/list-recent;591;;;;;;;;
2021-08-25 11:55:14.843;/master/welcome;215;;;;;;;;
2021-08-25 11:55:15.602;/anonymous/shout/create;588;;;;;;;;
2021-08-25 11:55:16.614;/master/welcome;594;;;;;;;;
2021-08-25 11:55:17.378;/anonymous/shout/list-recent;593;;;;;;;;
2021-08-25 11:55:19.297;/master/welcome;218;;;;;;;;
2021-08-25 11:55:20.053;/anonymous/shout/create;585;;;;;;;;
2021-08-25 11:55:21.096;/master/welcome;591;;;;;;;;
2021-08-25 11:55:21.881;/anonymous/shout/list-recent;606;;;;;;;;
2021-08-25 11:55:23.772;/master/welcome;222;;;;;;;;
2021-08-25 11:55:24.531;/anonymous/shout/create;588;;;;;;;;
2021-08-25 11:55:25.556;/master/welcome;590;;;;;;;;
2021-08-25 11:55:26.312;/anonymous/shout/list-recent;587;;;;;;;;
2021-08-25 11:55:28.229;/master/welcome;250;;;;;;;;
2021-08-25 11:55:28.986;/anonymous/shout/create;586;;;;;;;;
2021-08-25 11:55:30.064;/master/welcome;601;;;;;;;;
2021-08-25 11:55:30.824;/anonymous/shout/list-recent;593;;;;;;;;
2021-08-25 11:55:32.686;/master/welcome;234;;;;;;;;
2021-08-25 11:55:33.447;/anonymous/shout/create;592;;;;;;;;
2021-08-25 11:55:34.537;/master/welcome;605;;;;;;;;
2021-08-25 11:55:35.311;/anonymous/shout/list-recent;600;;;;;;;;
2021-08-25 11:55:37.171;/master/welcome;218;;;;;;;;
2021-08-25 11:55:37.931;/anonymous/shout/create;589;;;;;;;;
2021-08-25 11:55:38.974;/master/welcome;590;;;;;;;;
2021-08-25 11:55:39.773;/anonymous/shout/list-recent;619;;;;;;;;
2021-08-25 11:55:41.612;/master/welcome;218;;;;;;;;
2021-08-25 11:55:42.374;/anonymous/shout/create;593;;;;;;;;
2021-08-25 11:55:43.424;/master/welcome;594;;;;;;;;
2021-08-25 11:55:44.197;/anonymous/shout/list-recent;601;;;;;;;;
2021-08-25 11:55:46.101;/master/welcome;245;;;;;;;;
2021-08-25 11:55:46.879;/anonymous/shout/create;595;;;;;;;;
2021-08-25 11:55:47.93;/master/welcome;602;;;;;;;;
2021-08-25 11:55:48.685;/anonymous/shout/list-recent;589;;;;;;;;
2021-08-25 11:55:50.598;/master/welcome;236;;;;;;;;
2021-08-25 11:55:51.375;/anonymous/shout/create;591;;;;;;;;
2021-08-25 11:55:52.341;/anonymous/shout/create;594;;;;;;;;
2021-08-25 11:55:52.653;/master/welcome;232;;;;;;;;
2021-08-25 11:55:53.416;/anonymous/shout/create;593;;;;;;;;
2021-08-25 11:55:54.408;/anonymous/shout/create;590;;;;;;;;
2021-08-25 11:55:54.733;/master/welcome;247;;;;;;;;
2021-08-25 11:55:55.496;/anonymous/shout/create;591;;;;;;;;
2021-08-25 11:55:56.538;/anonymous/shout/create;596;;;;;;;;
2021-08-25 11:55:56.838;/master/welcome;222;;;;;;;;
2021-08-25 11:55:57.616;/anonymous/shout/create;609;;;;;;;;
2021-08-25 11:55:58.642;/anonymous/shout/create;602;;;;;;;;
2021-08-25 11:55:58.982;/master/welcome;266;;;;;;;;
2021-08-25 11:55:59.746;/anonymous/shout/create;592;;;;;;;;
2021-08-25 11:56:00.788;/anonymous/shout/create;593;;;;;;;;
2021-08-25 11:56:01.099;/master/welcome;233;;;;;;;;
2021-08-25 11:56:01.864;/anonymous/shout/create;591;;;;;;;;
2021-08-25 11:56:02.923;/anonymous/shout/create;591;;;;;;;;
2021-08-25 11:56:03.218;/master/welcome;217;;;;;;;;
2021-08-25 11:56:03.98;/anonymous/shout/create;596;;;;;;;;
2021-08-25 11:56:05.032;/anonymous/shout/create;585;;;;;;;;
2021-08-25 11:56:05.333;/master/welcome;221;;;;;;;;
2021-08-25 11:56:06.087;/anonymous/shout/create;590;;;;;;;;
2021-08-25 11:56:07.101;/anonymous/shout/create;586;;;;;;;;
2021-08-25 11:56:07.406;/master/welcome;233;;;;;;;;
2021-08-25 11:56:08.169;/anonymous/shout/create;589;;;;;;;;
2021-08-25 11:56:09.196;/anonymous/shout/create;607;;;;;;;;
2021-08-25 11:56:09.508;/master/welcome;235;;;;;;;;
2021-08-25 11:56:10.271;/anonymous/shout/create;586;;;;;;;;
2021-08-25 11:56:11.375;/anonymous/shout/create;590;;;;;;;;
2021-08-25 11:56:11.705;/master/welcome;247;;;;;;;;
2021-08-25 11:56:12.466;/anonymous/shout/create;591;;;;;;;;
2021-08-25 11:56:13.442;/anonymous/shout/create;593;;;;;;;;
2021-08-25 11:56:13.756;/master/welcome;237;;;;;;;;
2021-08-25 11:56:14.513;/anonymous/shout/create;588;;;;;;;;
2021-08-25 11:56:15.6;/anonymous/shout/create;587;;;;;;;;
2021-08-25 11:56:15.911;/master/welcome;238;;;;;;;;
2021-08-25 11:56:16.667;/anonymous/shout/create;585;;;;;;;;
2021-08-25 11:56:17.712;/anonymous/shout/create;587;;;;;;;;
2021-08-25 11:56:18.027;/master/welcome;234;;;;;;;;
2021-08-25 11:56:18.781;/anonymous/shout/create;588;;;;;;;;
2021-08-25 11:56:19.867;/anonymous/shout/create;605;;;;;;;;
2021-08-25 11:56:20.178;/master/welcome;235;;;;;;;;
2021-08-25 11:56:20.937;/anonymous/shout/create;589;;;;;;;;
2021-08-25 11:56:21.947;/anonymous/shout/create;590;;;;;;;;
2021-08-25 11:56:22.26;/master/welcome;238;;;;;;;;
2021-08-25 11:56:23.016;/anonymous/shout/create;588;;;;;;;;
2021-08-25 11:56:24.049;/anonymous/shout/create;607;;;;;;;;
2021-08-25 11:56:24.358;/master/welcome;235;;;;;;;;
2021-08-25 11:56:25.121;/anonymous/shout/create;596;;;;;;;;
2021-08-25 11:56:26.136;/anonymous/shout/create;607;;;;;;;;
2021-08-25 11:56:26.455;/master/welcome;245;;;;;;;;
2021-08-25 11:56:27.217;/anonymous/shout/create;592;;;;;;;;
2021-08-25 11:56:28.319;/anonymous/shout/create;596;;;;;;;;
2021-08-25 11:56:28.662;/master/welcome;263;;;;;;;;
2021-08-25 11:56:29.424;/anonymous/shout/create;594;;;;;;;;
2021-08-25 11:56:30.494;/anonymous/shout/create;604;;;;;;;;
2021-08-25 11:56:30.808;/master/welcome;234;;;;;;;;
2021-08-25 11:56:31.572;/anonymous/shout/create;596;;;;;;;;
2021-08-25 11:56:32.647;/anonymous/shout/create;607;;;;;;;;
2021-08-25 11:56:32.962;/master/welcome;236;;;;;;;;
2021-08-25 11:56:33.716;/anonymous/shout/create;588;;;;;;;;
2021-08-25 11:56:34.739;/anonymous/shout/create;592;;;;;;;;
2021-08-25 11:56:35.051;/master/welcome;239;;;;;;;;
2021-08-25 11:56:35.811;/anonymous/shout/create;591;;;;;;;;
2021-08-25 11:56:36.939;/anonymous/shout/create;619;;;;;;;;
2021-08-25 11:56:37.251;/master/welcome;232;;;;;;;;
2021-08-25 11:56:38.012;/anonymous/shout/create;594;;;;;;;;
2021-08-25 11:56:39.102;/anonymous/shout/create;604;;;;;;;;
2021-08-25 11:56:39.393;/master/welcome;216;;;;;;;;
2021-08-25 11:56:40.15;/anonymous/shout/create;591;;;;;;;;
2021-08-25 11:56:41.235;/anonymous/shout/create;585;;;;;;;;
2021-08-25 11:56:41.561;/master/welcome;256;;;;;;;;
2021-08-25 11:56:42.321;/anonymous/shout/create;592;;;;;;;;
2021-08-25 11:56:43.36;/anonymous/shout/create;591;;;;;;;;
2021-08-25 11:56:43.659;/master/welcome;226;;;;;;;;
2021-08-25 11:56:44.435;/anonymous/shout/create;605;;;;;;;;
2021-08-25 11:56:45.51;/anonymous/shout/create;571;;;;;;;;
2021-08-25 11:56:45.823;/master/welcome;232;;;;;;;;
2021-08-25 11:56:46.588;/anonymous/shout/create;594;;;;;;;;
2021-08-25 11:56:47.69;/anonymous/shout/create;603;;;;;;;;
2021-08-25 11:56:47.984;/master/welcome;220;;;;;;;;
2021-08-25 11:56:48.761;/anonymous/shout/create;595;;;;;;;;
2021-08-25 11:56:49.803;/anonymous/shout/create;591;;;;;;;;
2021-08-25 11:56:50.112;/master/welcome;231;;;;;;;;
2021-08-25 11:56:50.872;/anonymous/shout/create;591;;;;;;;;
2021-08-25 11:56:51.895;/anonymous/shout/create;606;;;;;;;;
2021-08-25 11:56:52.195;/master/welcome;220;;;;;;;;
2021-08-25 11:56:52.95;/anonymous/shout/create;589;;;;;;;;
2021-08-25 11:56:54.014;/anonymous/shout/create;589;;;;;;;;
2021-08-25 11:56:54.322;/master/welcome;232;;;;;;;;
2021-08-25 11:56:55.098;/anonymous/shout/create;586;;;;;;;;
2021-08-25 11:56:56.111;/anonymous/shout/create;594;;;;;;;;
2021-08-25 11:56:56.405;/master/welcome;219;;;;;;;;
2021-08-25 11:56:57.168;/anonymous/shout/create;591;;;;;;;;
2021-08-25 11:56:58.248;/anonymous/shout/create;601;;;;;;;;
2021-08-25 11:57:03.832;/master/welcome;555;;;;;;;;
2021-08-25 11:57:04.255;/master/welcome;392;;;;;;;;
2021-08-25 11:57:04.964;/master/sign-in;584;;;;;;;;
2021-08-25 11:57:06.217;/master/welcome;591;;;;;;;;
2021-08-25 11:57:08.494;/master/welcome;286;;;;;;;;
2021-08-25 11:57:09.183;/master/welcome;587;;;;;;;;
2021-08-25 11:57:09.494;/master/welcome;232;;;;;;;;
2021-08-25 11:57:10.256;/anonymous/task/list;593;;;;;;;;
2021-08-25 11:57:11.807;/anonymous/task/show;591;;;;;;;;
2021-08-25 11:57:12.433;/master/welcome;267;;;;;;;;
2021-08-25 11:57:13.205;/anonymous/task/list;590;;;;;;;;
2021-08-25 11:57:14.717;/anonymous/task/show;595;;;;;;;;
2021-08-25 11:57:15.32;/master/welcome;219;;;;;;;;
2021-08-25 11:57:16.086;/anonymous/task/list;595;;;;;;;;
2021-08-25 11:57:17.608;/anonymous/task/show;589;;;;;;;;
2021-08-25 11:57:18.195;/master/welcome;233;;;;;;;;
2021-08-25 11:57:18.964;/anonymous/task/list;597;;;;;;;;
2021-08-25 11:57:20.503;/anonymous/task/show;590;;;;;;;;
2021-08-25 11:57:21.08;/master/welcome;220;;;;;;;;
2021-08-25 11:57:21.859;/anonymous/task/list;601;;;;;;;;
2021-08-25 11:57:23.361;/anonymous/task/show;592;;;;;;;;
2021-08-25 11:57:23.95;/master/welcome;235;;;;;;;;
2021-08-25 11:57:24.229;/master/welcome;247;;;;;;;;
2021-08-25 11:57:24.929;/master/sign-in;595;;;;;;;;
2021-08-25 11:57:26.188;/master/welcome;593;;;;;;;;
2021-08-25 11:57:26.792;/master/welcome;277;;;;;;;;
2021-08-25 11:57:27.488;/master/welcome;590;;;;;;;;
2021-08-25 11:57:27.818;/master/welcome;254;;;;;;;;
2021-08-25 11:57:28.125;/master/welcome;265;;;;;;;;
2021-08-25 11:57:28.844;/master/sign-in;608;;;;;;;;
2021-08-25 11:57:30.224;/master/welcome;602;;;;;;;;
2021-08-25 11:57:31.601;/master/welcome;453;;;;;;;;
2021-08-25 11:57:32.324;/master/welcome;599;;;;;;;;
